epoch,train_loss,eval_loss,eval_top1,eval_top5,lr,Active layers,Total Training Time (s),Epoch Time (s),FLOPs,Layers,Spectral norm,Frobenius norm
25,1.855304265907571,1.2510058824539185,59.39,95.45,9.846666218300807e-05,2,35.44201159477234,35.44200897216797,146918400.0,2,542.4525146484375,65480.82421875
26,1.8433186453832706,1.2520153377532959,60.01,95.49,9.834231550589462e-05,2,62.90769910812378,27.408664226531982,273782784.0,4,542.6386108398438,65503.078125
27,1.831538487640752,1.2624815229415893,60.08,95.67,9.821321585546244e-05,2,90.32000088691711,27.376847743988037,400647168.0,6,542.81982421875,65524.80078125
28,1.8354532910980732,1.2084277992248535,60.82,95.84,9.807937738894302e-05,2,117.72656297683716,27.370617866516113,527511552.0,8,543.0075073242188,65546.9765625
29,1.8218671617678888,1.2088534786224365,60.62,95.73,9.794081478323246e-05,2,145.15956830978394,27.396971464157104,654375936.0,10,543.1776123046875,65568.203125
30,1.820543317575003,1.206526119041443,61.66,95.99,9.779754323328192e-05,2,172.62567782402039,27.429827213287354,781240320.0,12,543.3394165039062,65586.765625
31,1.8235893017503884,1.1886784496307372,61.81,96.1,9.764957845043137e-05,2,200.11373901367188,27.450664520263672,908104704.0,14,543.4991455078125,65607.7421875
32,1.825559769641422,1.1804301731109619,62.57,96.17,9.749693666068666e-05,2,227.65541529655457,27.50564932823181,1034969088.0,16,543.6293334960938,65621.8203125
33,1.8165472402462732,1.184253619003296,62.03,95.85,9.733963460294015e-05,2,255.26507377624512,27.496411085128784,1161833472.0,18,543.7955322265625,65640.546875
34,1.8109743259322475,1.1644175344467163,63.01,95.95,9.717768952713513e-05,2,282.78151178359985,27.48001718521118,1288697856.0,20,543.9563598632812,65661.1484375
35,1.798515550763598,1.1524985826492309,63.15,96.29,9.701111919237408e-05,2,310.16800689697266,27.349372386932373,1415562240.0,22,544.1304321289062,65681.6953125
36,1.7946589044969,1.1419605220794677,63.84,96.55,9.683994186497131e-05,2,337.5542023181915,27.349112272262573,1542426624.0,24,544.3010864257812,65700.9296875
37,1.7964177678092341,1.1514040803909302,63.21,95.74,9.666417631644977e-05,2,364.9763774871826,27.386566400527954,1669291008.0,26,544.4472045898438,65718.25
38,1.8003093514033377,1.161028858947754,62.28,96.15,9.648384182148252e-05,2,392.3962736129761,27.384318828582764,1796155392.0,28,544.5963745117188,65736.453125
39,1.7823782797506922,1.1111431350708008,65.23,96.61,9.629895815577916e-05,2,419.9041802883148,27.47249960899353,1923019776.0,30,544.78955078125,65758.859375
40,1.7717130568818154,1.1099130905151366,64.71,96.46,9.610954559391703e-05,2,447.40705728530884,27.467113971710205,2049884160.0,32,544.9854736328125,65779.5234375
41,1.7740389351350245,1.1081136226654054,64.77,96.74,9.59156249071181e-05,2,474.9479179382324,27.505427837371826,2176748544.0,34,545.1257934570312,65795.671875
42,1.7673101231322246,1.0941892475128174,64.82,96.64,9.571721736097089e-05,2,502.48122549057007,27.498072147369385,2303612928.0,36,545.2635498046875,65810.5390625
43,1.7636449387375737,1.1102106174468993,65.65,96.72,9.551434471309872e-05,2,530.020485162735,27.50378441810608,2430477312.0,38,545.40478515625,65825.546875
44,1.7742951456624323,1.0832825226783753,65.63,96.76,9.530702921077358e-05,2,557.5585284233093,27.50324773788452,2557341696.0,40,545.5841064453125,65846.0
45,1.7609033590700196,1.0886247983932495,66.07,96.86,9.509529358847655e-05,2,585.0049262046814,27.41024398803711,2684206080.0,42,545.7293701171875,65861.515625
46,1.764102182681368,1.0691857157707214,66.54,97.14,9.487916106540466e-05,2,612.4330503940582,27.39240837097168,2811070464.0,44,545.87060546875,65877.09375
47,1.7806175074107211,1.0689868666648865,66.72,97.01,9.465865534292465e-05,2,639.8555798530579,27.387335300445557,2937934848.0,46,545.9716186523438,65888.515625
48,1.7645507760908783,1.051675803565979,66.86,97.21,9.443380060197386e-05,2,667.2660000324249,27.375537633895874,3064799232.0,48,546.1412353515625,65908.71875
49,1.7550724030456837,1.042761194229126,67.78,97.15,9.420462150040853e-05,2,694.6987910270691,27.39758324623108,3191663616.0,50,546.2733764648438,65921.9609375
50,1.7250435646914337,1.0295991633415222,67.87,97.22,9.397114317029974e-05,2,722.0958194732666,27.338616132736206,3318528000.0,52,546.4760131835938,65945.1015625
51,1.7467373911763582,1.0420748505592345,68.04,97.05,9.373339121517747e-05,2,749.5079779624939,27.376628637313843,3445392384.0,54,546.5804443359375,65958.828125
52,1.7539187671280396,1.0466119133949279,67.82,97.08,9.34913917072228e-05,2,776.9720747470856,27.427738666534424,3572256768.0,56,546.6869506835938,65970.921875
53,1.7438149366732902,1.0384579669952392,68.67,97.17,9.324517118440888e-05,2,804.3796219825745,27.37125015258789,3699121152.0,58,546.8424072265625,65990.671875
54,1.741659078799503,1.0342841057777405,67.5,97.09,9.299475664759068e-05,2,831.6936376094818,27.278592824935913,3825985536.0,60,546.992919921875,66006.6640625
55,1.7348590677129474,1.0265319500923156,69.38,97.23,9.274017555754408e-05,2,859.0310852527618,27.302186727523804,3952849920.0,62,547.1077270507812,66018.8046875
56,1.7309326034196666,1.0135175107002259,68.32,97.36,9.248145583195448e-05,2,886.4113562107086,27.34539270401001,4079714304.0,64,547.2435302734375,66032.609375
57,1.7314973138511258,0.9975711808204651,69.19,97.41,9.221862584235528e-05,2,913.8283324241638,27.381432056427002,4206578688.0,66,547.3910522460938,66049.7109375
58,1.7453290472873195,1.0289085170745849,68.45,97.01,9.195171441101669e-05,2,941.2573628425598,27.39089560508728,4333443072.0,68,547.4962158203125,66061.578125
59,1.7241261296937773,1.0062503788948058,69.34,97.48,9.168075080778494e-05,2,968.594722032547,27.301796913146973,4460307456.0,70,547.6456298828125,66078.484375
60,1.7232171057433692,1.0026273700714112,69.48,97.16,9.140576474687264e-05,2,996.0032172203064,27.37375783920288,4587171840.0,72,547.7811279296875,66096.9609375
61,1.7309321706945247,1.000929448223114,70.06,97.47,9.112678638360016e-05,2,1023.3341267108917,27.296238899230957,4714036224.0,74,547.9258422851562,66111.59375
62,1.7308134074095116,1.0018744833946227,69.79,97.42,9.084384631108883e-05,2,1050.7819662094116,27.412747144699097,4840900608.0,76,548.0425415039062,66124.828125
63,1.741685200287041,1.0042806937217712,69.54,97.32,9.055697555690607e-05,2,1078.1970970630646,27.380314350128174,4967764992.0,78,548.1627197265625,66141.9921875
64,1.7346736601769694,0.9981429686546326,70.13,97.48,9.02662055796628e-05,2,1105.6061799526215,27.37422823905945,5094629376.0,80,548.2887573242188,66153.6640625
65,1.7334155961584954,0.9764957379341126,70.29,97.39,8.99715682655637e-05,2,1133.0545375347137,27.413284063339233,5221493760.0,82,548.4378051757812,66170.6484375
66,1.7092943641806686,0.9733753770828247,70.16,97.56,8.967309592491052e-05,2,1160.447518825531,27.357494115829468,5348358144.0,84,548.610595703125,66191.234375
67,1.7223965990405992,0.9925610987663269,70.21,97.4,8.937082128855891e-05,2,1187.8164494037628,27.333844423294067,5475222528.0,86,548.7163696289062,66201.6328125
68,1.7198641710794231,0.9722327573776245,70.62,97.48,8.906477750432904e-05,2,1215.2364213466644,27.363672971725464,5602086912.0,88,548.86083984375,66220.140625
69,1.7051421554995254,0.9662000720977784,70.49,97.59,8.875499813337069e-05,2,1242.633440732956,27.36055898666382,5728951296.0,90,549.0291137695312,66240.46875
70,1.7158732789731972,0.9555037508964539,71.03,97.48,8.844151714648276e-05,2,1270.0897006988525,27.40772008895874,5855815680.0,92,549.1505737304688,66252.6328125
71,1.722184415052856,0.9683675562858581,70.32,97.54,8.812436892038805e-05,2,1297.5139491558075,27.367170572280884,5982680064.0,94,549.249755859375,66265.7890625
72,1.7043120226084651,0.9738286133766174,71.66,97.51,8.780358823396352e-05,2,1324.912155866623,27.362139225006104,6109544448.0,96,549.3644409179688,66278.4453125
73,1.7096908496986125,0.9562741429328918,70.84,97.53,8.74792102644263e-05,2,1352.368863105774,27.400686979293823,6236408832.0,98,549.4978637695312,66293.7734375
74,1.7061126679372849,0.9604389854431152,71.33,97.58,8.715127058347615e-05,2,1379.6661028862,27.261778831481934,6363273216.0,100,549.6314086914062,66307.0546875
75,1.6923069155628336,0.9466377568244934,71.6,97.64,8.681980515339464e-05,2,1406.8964552879333,27.195073127746582,6490137600.0,102,549.769287109375,66321.6640625
76,1.7132030633897086,0.95195795545578,71.28,97.74,8.648485032310146e-05,2,1434.0564620494843,27.120373964309692,6617001984.0,104,549.8566284179688,66328.0546875
77,1.7037497094895562,0.9465581735610962,71.5,97.46,8.614644282416831e-05,2,1461.2901079654694,27.198582887649536,6743866368.0,106,550.0009765625,66344.234375
78,1.7030336572937714,0.9387939377784729,71.84,97.69,8.5804619766791e-05,2,1488.5631716251373,27.238412141799927,6870730752.0,108,550.1378784179688,66360.015625
79,1.69771089657626,0.9298284392356873,72.55,97.65,8.545941863571974e-05,2,1515.9262156486511,27.328287839889526,6997595136.0,110,550.2745971679688,66375.7265625
80,1.6886624564892503,0.9200873655319214,72.54,97.82,8.511087728614862e-05,2,1543.3472805023193,27.386600732803345,7124459520.0,112,550.4327392578125,66393.6171875
81,1.7019239244326738,0.9345337103843689,72.57,97.83,8.475903393956434e-05,2,1570.687417268753,27.305588960647583,7251323904.0,114,550.5337524414062,66405.1484375
82,1.6884466640164697,0.9297392454147339,72.71,97.75,8.440392717955476e-05,2,1598.045086145401,27.323213815689087,7378188288.0,116,550.6622924804688,66419.2734375
83,1.6983335384486122,0.9159611473083497,72.44,97.76,8.404559594757778e-05,2,1625.4373788833618,27.35786509513855,7505052672.0,118,550.7708129882812,66431.625
84,1.6839380365022472,0.9192159777641297,72.1,97.86,8.368407953869104e-05,2,1652.7978312969208,27.32503366470337,7631917056.0,120,550.9275512695312,66447.3828125
85,1.7086087044008869,0.917208648109436,72.63,97.94,8.33194175972427e-05,2,1680.181803703308,27.34752321243286,7758781440.0,122,551.0044555664062,66456.828125
86,1.681765101935891,0.9039348874092102,72.59,97.76,8.295165011252398e-05,2,1707.590049982071,27.373345851898193,7885645824.0,124,551.1478271484375,66471.65625
87,1.6953344262668937,0.9236767490386963,72.31,97.9,8.258081741438395e-05,2,1734.96715426445,27.34226083755493,8012510208.0,126,551.2510375976562,66481.2265625
88,1.6877642692890729,0.9298890495300293,72.79,97.9,8.220696016880688e-05,2,1762.4071793556213,27.40599012374878,8139374592.0,128,551.3517456054688,66491.703125
89,1.683841514831621,0.9170380292892456,72.55,97.84,8.183011937345271e-05,2,1789.8146302700043,27.37298846244812,8266238976.0,130,551.4591674804688,66504.1640625
90,1.690249769086264,0.9154093121528626,72.95,97.82,8.14503363531613e-05,2,1817.2192556858063,27.369871616363525,8393103360.0,132,551.569580078125,66515.3828125
91,1.6866693342541,0.9164190220832825,73.47,97.8,8.106765275542055e-05,2,1844.6405494213104,27.386261463165283,8519967744.0,134,551.6624755859375,66523.2890625
92,1.6937151707699296,0.8973328234672546,73.84,98.04,8.068211054579944e-05,2,1872.0401151180267,27.364429235458374,8646832128.0,136,551.7775268554688,66534.1328125
93,1.6917933057731307,0.9062672069549561,73.71,97.91,8.029375200334589e-05,2,1899.4509336948395,27.375330686569214,8773696512.0,138,551.8728637695312,66545.3359375
94,1.6882404775839304,0.9024862897872925,73.2,97.87,7.99026197159505e-05,2,1926.878543138504,27.37787628173828,8900560896.0,140,551.996826171875,66560.078125
95,1.676743824564388,0.8926725959777833,74.11,97.98,7.950875657567621e-05,2,1954.2703568935394,27.357586145401,9027425280.0,142,552.1144409179688,66571.4296875
96,1.6818293736014567,0.8925757126808167,73.61,97.87,7.911220577405484e-05,2,1981.6862032413483,27.380756378173828,9154289664.0,144,552.2311401367188,66585.1640625
97,1.6716472782032439,0.9081974566459656,72.8,97.85,7.87130107973505e-05,2,2009.08353805542,27.360676050186157,9281154048.0,146,552.347900390625,66597.109375
98,1.6714627341332722,0.8878134063720703,73.71,97.93,7.831121542179087e-05,2,2036.4858784675598,27.36712670326233,9408018432.0,148,552.4808349609375,66610.1875
99,1.6861034393615821,0.8981580989837646,73.7,97.71,7.790686370876671e-05,2,2063.893018722534,27.37214422225952,9534882816.0,150,552.5570068359375,66617.90625
100,1.680711094762238,0.8922008413314819,73.68,97.89,7.75e-05,2,2091.2749309539795,27.34752321243286,9661747200.0,152,552.6773071289062,66629.40625
101,1.6554309268614393,0.8785333232879639,74.12,98.07,7.709066891268134e-05,2,2118.648482322693,27.33882784843445,9788611584.0,154,552.8218994140625,66645.015625
102,1.6573583246345862,0.8865303398132324,73.58,97.85,7.667891533457719e-05,2,2145.9801478385925,27.297372817993164,9915475968.0,156,552.9246215820312,66653.375
103,1.6810728422963512,0.8777154764175416,74.07,97.93,7.626478441910744e-05,2,2173.384377717972,27.3559513092041,10042340352.0,158,553.0216674804688,66661.625
104,1.6765640397077943,0.8942179460525512,74.22,97.88,7.584832158039378e-05,2,2200.7470569610596,27.327787160873413,10169204736.0,160,553.1019287109375,66668.7421875
105,1.6803214965190227,0.8711544634819031,74.36,97.92,7.542957248827961e-05,2,2228.137444496155,27.35546612739563,10296069120.0,162,553.1953735351562,66678.828125
106,1.6664116652765897,0.8696671018600464,74.51,98.13,7.500858306332174e-05,2,2255.5526180267334,27.380502462387085,10422933504.0,164,553.3076782226562,66689.03125
107,1.6546500997567757,0.8773114354133605,74.55,98.07,7.458539947175475e-05,2,2282.9471950531006,27.35930895805359,10549797888.0,166,553.4119873046875,66696.8828125
108,1.6684990597748115,0.8684746040344238,74.39,97.72,7.416006812042828e-05,2,2310.309073448181,27.327306270599365,10676662272.0,168,553.51708984375,66706.859375
109,1.6599785158179328,0.8724540141105652,74.18,97.98,7.373263565171806e-05,2,2337.688756942749,27.343945741653442,10803526656.0,170,553.6145629882812,66715.5078125
110,1.661161561934194,0.8702557671546935,74.97,97.9,7.330314893841101e-05,2,2365.0816972255707,27.358615159988403,10930391040.0,172,553.7127075195312,66725.15625
111,1.6594661407067741,0.8634583827972412,75.29,97.95,7.287165507856512e-05,2,2392.445695877075,27.32921838760376,11057255424.0,174,553.8042602539062,66734.1796875
112,1.6713785693221148,0.8624645832061768,75.23,98.07,7.243820139034464e-05,2,2419.8332421779633,27.328245639801025,11184119808.0,176,553.90087890625,66744.8203125
113,1.6623711695896983,0.8641403584480286,74.85,97.96,7.200283540683103e-05,2,2447.2531456947327,27.38576602935791,11310984192.0,178,554.0009155273438,66753.4296875
114,1.6719359673855398,0.8605125619888305,74.9,97.95,7.156560487081051e-05,2,2474.730982542038,27.443101167678833,11437848576.0,180,554.1005859375,66762.453125
115,1.6511416787832556,0.8587599520683289,75.11,97.94,7.11265577295385e-05,2,2502.157203435898,27.39126491546631,11564712960.0,182,554.190185546875,66770.1328125
116,1.6515668036843079,0.8526032393455505,74.7,97.8,7.068574212948169e-05,2,2529.535633325577,27.343039512634277,11691577344.0,184,554.3054809570312,66782.515625
117,1.647809354047006,0.8583885218620301,75.47,98.01,7.024320641103812e-05,2,2556.920920610428,27.322999477386475,11818441728.0,186,554.390625,66789.0859375
118,1.6722368702540478,0.8613460556030273,75.02,98.03,6.979899910323626e-05,2,2584.2912118434906,27.335232973098755,11945306112.0,188,554.4561767578125,66792.9453125
119,1.6539160666484076,0.8433498817443847,75.46,98.06,6.935316891841316e-05,2,2611.618493080139,27.29278874397278,12072170496.0,190,554.5735473632812,66804.3125
120,1.671325448533179,0.854809940814972,75.42,98.26,6.890576474687264e-05,2,2639.0672674179077,27.413748741149902,12199034880.0,192,554.618896484375,66805.765625
121,1.6638549807434961,0.8520059909820556,75.65,98.05,6.845683565152391e-05,2,2666.504665851593,27.392456769943237,12325899264.0,194,554.7164306640625,66815.546875
122,1.6448895485544632,0.8517392597198487,75.36,98.17,6.800643086250122e-05,2,2693.8965690135956,27.356863021850586,12452763648.0,196,554.8358154296875,66827.1796875
123,1.645405026617795,0.8487063052177429,75.79,98.09,6.755459977176533e-05,2,2721.3295187950134,27.397883415222168,12579628032.0,198,554.943115234375,66836.265625
124,1.6582818611330625,0.8421530394554139,75.47,98.06,6.710139192768697e-05,2,2748.7475395202637,27.38376235961914,12706492416.0,200,555.0258178710938,66845.1015625
125,1.6529178288163051,0.844292191696167,75.78,98.15,6.664685702961345e-05,2,2776.1895134449005,27.40711212158203,12833356800.0,202,555.0924682617188,66848.9375
126,1.6580261688073679,0.8431072908401489,75.26,98.08,6.619104492241846e-05,2,2803.5969638824463,27.371454000473022,12960221184.0,204,555.1688232421875,66854.4921875
127,1.6661524746695797,0.8377681788444519,75.98,98.17,6.573400559103614e-05,2,2830.981809616089,27.34975266456604,13087085568.0,206,555.2568359375,66860.34375
128,1.6436276261846174,0.8403943658828735,76.3,98.13,6.527578915497952e-05,2,2858.4288794994354,27.411243200302124,13213949952.0,208,555.3621826171875,66870.1640625
129,1.6508680568309202,0.8414161413192749,75.84,98.22,6.481644586284443e-05,2,2885.8785684108734,27.413636922836304,13340814336.0,210,555.4271240234375,66872.8828125
130,1.6358867190711477,0.8256055352210998,76.12,98.22,6.435602608679918e-05,2,2913.3797562122345,27.44172954559326,13467678720.0,212,555.5232543945312,66880.421875
131,1.6359424264421842,0.828815128326416,76.14,98.1,6.389458031706068e-05,2,2940.802755832672,27.387558460235596,13594543104.0,214,555.6015625,66885.515625
132,1.6449057585756544,0.8264897254943848,75.73,98.11,6.343215915635762e-05,2,2968.105158805847,27.267428398132324,13721407488.0,216,555.6686401367188,66888.71875
133,1.6451174376410802,0.827627986907959,75.59,98.14,6.296881331438125e-05,2,2995.335704565048,27.195862531661987,13848271872.0,218,555.7503662109375,66895.3359375
134,1.6519933989350224,0.8243616009712219,76.19,98.13,6.250459360222461e-05,2,3022.5771934986115,27.206310033798218,13975136256.0,220,555.8112182617188,66899.5
135,1.623386059314127,0.8306444986343384,75.81,98.17,6.20395509268104e-05,2,3049.813941001892,27.20230197906494,14102000640.0,222,555.9037475585938,66907.9375
136,1.6265495034094504,0.8206787737846375,76.0,98.17,6.157373628530854e-05,2,3077.167947769165,27.29189658164978,14228865024.0,224,556.0053100585938,66917.5234375
137,1.6505156608916123,0.8238291622161865,76.32,98.17,6.110720075954371e-05,2,3104.482664346695,27.27977728843689,14355729408.0,226,556.0658569335938,66923.015625
138,1.623824601747315,0.8296132680892945,76.43,97.96,6.06399955103937e-05,2,3131.780435323715,27.26278805732727,14482593792.0,228,556.1383666992188,66928.34375
139,1.6491121055222047,0.829203424167633,76.58,98.18,6.0172171772179006e-05,2,3159.1630985736847,27.339232206344604,14609458176.0,230,556.2061157226562,66931.6015625
140,1.6627506553439875,0.8332819746971131,76.04,98.12,5.970378084704442e-05,2,3186.511006832123,27.299357891082764,14736322560.0,232,556.2496948242188,66932.90625
141,1.636285437969789,0.8320800389289856,76.35,98.15,5.923487409933316e-05,2,3213.882510662079,27.327723741531372,14863186944.0,234,556.3218383789062,66937.515625
142,1.6397060219975959,0.8128520551681518,76.69,98.19,5.8765502949954203e-05,2,3241.205445289612,27.288520097732544,14990051328.0,236,556.3939819335938,66941.203125
143,1.6421239693552523,0.8168103846549988,76.33,97.95,5.8295718870743426e-05,2,3268.5540890693665,27.313988208770752,15116915712.0,238,556.455810546875,66944.8125
144,1.6329790356827758,0.819464887046814,76.63,98.04,5.782557337881911e-05,2,3296.008862257004,27.41662859916687,15243780096.0,240,556.5287475585938,66949.125
145,1.6537058765543255,0.8273541884422302,76.6,98.22,5.735511803093248e-05,2,3323.414282798767,27.37074089050293,15370644480.0,242,556.5699462890625,66949.390625
146,1.632417620678412,0.8075733045578003,76.69,98.27,5.6884404417813995e-05,2,3350.8162734508514,27.367180824279785,15497508864.0,244,556.650146484375,66954.9375
147,1.6392068835440428,0.8181408661842346,76.81,98.23,5.6413484158515766e-05,2,3378.151891231537,27.300031900405884,15624373248.0,246,556.7030639648438,66957.5703125
148,1.6367166107961677,0.8164607831954956,76.71,98.17,5.594240889475107e-05,2,3405.503306865692,27.316473484039307,15751237632.0,248,556.7774047851562,66963.390625
149,1.6348171334871104,0.8051445327758789,76.93,98.16,5.547123028523106e-05,2,3432.8270020484924,27.289222240447998,15878102016.0,250,556.8746337890625,66970.4765625
150,1.6299417431009564,0.8241241335868835,76.46,98.15,5.5e-05,2,3460.2011206150055,27.33931875228882,16004966400.0,252,556.9190673828125,66971.2265625
151,1.648138145325889,0.8139161511421203,77.17,98.33,5.452876971476894e-05,2,3487.5706787109375,27.3097403049469,16131830784.0,254,556.9808349609375,66977.8046875
152,1.6493971247068593,0.8096712582588196,77.07,98.28,5.405759110524895e-05,2,3514.90460896492,27.298805475234985,16258695168.0,256,557.0425415039062,66981.375
153,1.6367600382366498,0.816561313343048,77.16,98.23,5.358651584148423e-05,2,3543.1704485416412,28.23129415512085,16385559552.0,258,557.1062622070312,66984.1171875
154,1.6222772268571255,0.7998848407745361,76.98,98.25,5.3115595582186016e-05,2,3570.598048686981,27.284756422042847,16512423936.0,260,557.1786499023438,66988.4140625
155,1.6372219907184264,0.8064180617332458,77.05,98.3,5.264488196906753e-05,2,3597.9426593780518,27.304560661315918,16639288320.0,262,557.2319946289062,66989.53125
156,1.6334961640544798,0.8091621483802796,76.2,98.23,5.217442662118091e-05,2,3626.2067441940308,28.194810152053833,16766152704.0,264,557.2879638671875,66993.578125
157,1.6307369079846274,0.8093590323448181,77.2,98.37,5.1704281129256584e-05,2,3653.566272497177,27.32457137107849,16893017088.0,266,557.326416015625,66993.671875
158,1.6278798770965597,0.8016104681015015,76.8,98.17,5.12344970500458e-05,2,3680.967123270035,27.333414793014526,17019881472.0,268,557.390869140625,66996.828125
159,1.6347813307094208,0.807125437450409,76.75,98.2,5.076512590066686e-05,2,3708.333475589752,27.332084894180298,17146745856.0,270,557.4322509765625,66997.4609375
160,1.6218033029236347,0.7980891306877136,77.54,98.32,5.0296219152955604e-05,2,3735.7137718200684,27.345658779144287,17273610240.0,272,557.503173828125,67002.0859375
161,1.6541303040581385,0.8135761051177979,77.38,98.17,4.982782822782101e-05,2,3763.0438590049744,27.295745134353638,17400474624.0,274,557.5362548828125,67002.5
162,1.6264529605986366,0.805752533340454,76.83,98.18,4.9360004489606314e-05,2,3790.346476316452,27.26863956451416,17527339008.0,276,557.6109619140625,67007.921875
163,1.6159588594595389,0.7941955746650696,77.56,98.41,4.889279924045631e-05,2,3817.6919815540314,27.31065320968628,17654203392.0,278,557.6660766601562,67010.125
164,1.6310652407427604,0.7945260789871216,77.53,98.23,4.8426263714691496e-05,2,3845.080312728882,27.35360860824585,17781067776.0,280,557.7160034179688,67013.0234375
165,1.634295575444738,0.8097697642326355,77.09,98.17,4.7960449073189627e-05,2,3872.4001140594482,27.284992456436157,17907932160.0,282,557.77099609375,67015.703125
166,1.6400979294819655,0.8088293695449829,77.66,98.23,4.7495406397775396e-05,2,3899.736456155777,27.301799297332764,18034796544.0,284,557.802734375,67015.59375
167,1.6234958513750768,0.7921438745498657,77.69,98.38,4.703118668561876e-05,2,3927.139366865158,27.34232473373413,18161660928.0,286,557.8560791015625,67018.3828125
168,1.6152691209209409,0.8010263764381409,77.75,98.36,4.65678408436424e-05,2,3954.4799842834473,27.30658721923828,18288525312.0,288,557.9061889648438,67020.4296875
169,1.6371880102707086,0.7969342268943787,77.8,98.28,4.610541968293932e-05,2,3981.828158378601,27.298059940338135,18415389696.0,290,557.9441528320312,67020.9765625
170,1.6394288675733169,0.8001818650245667,77.43,98.33,4.564397391320083e-05,2,4009.151693582535,27.288933038711548,18542254080.0,292,557.9730224609375,67021.1484375
171,1.6118416131382258,0.7965085173606873,76.84,98.38,4.5183554137155586e-05,2,4036.492348909378,27.30646252632141,18669118464.0,294,558.0247192382812,67022.7578125
172,1.6511134983788074,0.8040428750038147,77.51,98.19,4.47242108450205e-05,2,4063.849325656891,27.322897911071777,18795982848.0,296,558.0460815429688,67021.546875
173,1.6220489074875541,0.7932935135841369,77.39,98.14,4.426599440896387e-05,2,4091.1805140972137,27.295974493026733,18922847232.0,298,558.1217041015625,67026.9453125
174,1.6363080108058896,0.8041369553565979,77.05,98.16,4.380895507758154e-05,2,4118.536336183548,27.321683406829834,19049711616.0,300,558.162109375,67028.8515625
175,1.6372178374728839,0.7911563278198243,77.16,98.25,4.335314297038657e-05,2,4145.88646531105,27.315938234329224,19176576000.0,302,558.2147216796875,67031.1328125
176,1.6350550548520497,0.7917337361335754,77.99,98.33,4.289860807231306e-05,2,4173.2129163742065,27.291934967041016,19303440384.0,304,558.2608032226562,67033.0390625
177,1.6155781217787544,0.7928260679244995,77.55,98.23,4.244540022823468e-05,2,4200.551739454269,27.303245782852173,19430304768.0,306,558.3070678710938,67034.453125
178,1.6325657857670217,0.799922671508789,77.71,98.29,4.199356913749877e-05,2,4227.862997055054,27.27651071548462,19557169152.0,308,558.3338623046875,67033.265625
179,1.62219419354208,0.7883812778472901,78.01,98.23,4.1543164348476104e-05,2,4255.260719537735,27.35403084754944,19684033536.0,310,558.384521484375,67035.8203125
180,1.6025477072340883,0.7803282703399658,77.84,98.29,4.109423525312737e-05,2,4282.607848882675,27.312812566757202,19810897920.0,312,558.4418334960938,67039.453125
181,1.631955078255657,0.7848920519828796,78.15,98.44,4.0646831081586854e-05,2,4309.915969133377,27.27446150779724,19937762304.0,314,558.461181640625,67037.796875
182,1.625165142719938,0.7824960958480836,77.91,98.29,4.020100089676376e-05,2,4337.213860988617,27.26376700401306,20064626688.0,316,558.496337890625,67038.0546875
183,1.6230804230278493,0.780647943019867,78.09,98.37,3.975679358896189e-05,2,4364.376972198486,27.12902545928955,20191491072.0,318,558.5271606445312,67036.90625
184,1.622700241097415,0.7852906252861023,77.95,98.38,3.9314257870518325e-05,2,4391.686615228653,27.275571584701538,20318355456.0,320,558.55615234375,67035.9921875
185,1.609578111718162,0.7819377396583557,78.13,98.25,3.88734422704615e-05,2,4419.0589027404785,27.33806800842285,20445219840.0,322,558.5826416015625,67034.625
186,1.6193099748462476,0.7873365976333618,78.32,98.26,3.8434395129189505e-05,2,4446.394580125809,27.30154585838318,20572084224.0,324,558.611083984375,67035.3359375
187,1.610898362308092,0.778834262752533,78.15,98.32,3.799716459316898e-05,2,4473.728220701218,27.29927635192871,20698948608.0,326,558.6627807617188,67038.734375
188,1.6291524895327345,0.7915351899147034,77.73,98.26,3.756179860965537e-05,2,4501.083198308945,27.317678451538086,20825812992.0,328,558.693603515625,67039.21875
189,1.614952444724939,0.7847122779846192,78.25,98.31,3.7128344921434866e-05,2,4528.401178121567,27.283987522125244,20952677376.0,330,558.7421875,67040.890625
190,1.6408855241941582,0.7800003359794617,78.19,98.33,3.669685106158899e-05,2,4555.728646278381,27.292909860610962,21079541760.0,332,558.7593383789062,67039.8125
191,1.6141086015444863,0.7780107876777649,78.23,98.42,3.6267364348281956e-05,2,4582.917599439621,27.154491901397705,21206406144.0,334,558.80712890625,67042.375
192,1.6195867293622825,0.7805577222824097,78.2,98.33,3.583993187957173e-05,2,4610.158681631088,27.20760750770569,21333270528.0,336,558.8464965820312,67043.5546875
193,1.6187347414856836,0.7871209297180176,78.37,98.27,3.541460052824527e-05,2,4637.487382411957,27.29460310935974,21460134912.0,338,558.867431640625,67042.203125
194,1.6135606639058582,0.7752828915596008,78.18,98.32,3.4991416936678275e-05,2,4664.88486289978,27.363749504089355,21586999296.0,340,558.908447265625,67043.5546875
195,1.6269033219231228,0.7794193572998047,78.46,98.35,3.45704275117204e-05,2,4692.268537759781,27.348899841308594,21713863680.0,342,558.9248657226562,67041.7109375
196,1.6333691664755574,0.7820508676528931,78.38,98.3,3.415167841960624e-05,2,4719.576130151749,27.273704528808594,21840728064.0,344,558.941162109375,67040.6875
197,1.629641052092236,0.7806482172966004,77.99,98.29,3.3735215580892576e-05,2,4746.874985933304,27.26505184173584,21967592448.0,346,558.9794311523438,67041.65625
198,1.6190194560074165,0.7818402207374573,78.22,98.52,3.3321084665422807e-05,2,4774.183279275894,27.261279821395874,22094456832.0,348,558.9968872070312,67039.09375
199,1.6450541245342065,0.7814305915832519,78.41,98.45,3.2909331087318666e-05,2,4801.527766466141,27.310603857040405,22221321216.0,350,559.0035400390625,67036.421875
200,1.6221510655748708,0.7827659035682678,78.49,98.26,3.249999999999999e-05,2,4828.824032306671,27.262014865875244,22348185600.0,352,559.0471801757812,67037.8828125
201,1.6217800267374622,0.7762868500709533,78.67,98.46,3.209313629123329e-05,2,4856.164066314697,27.305996894836426,22475049984.0,354,559.0829467773438,67038.671875
202,1.5829064372864943,0.7741295295715332,78.64,98.52,3.168878457820915e-05,2,4883.544939041138,27.346395015716553,22601914368.0,356,559.1364135742188,67041.8046875
203,1.60546901268782,0.7721867435455322,78.31,98.22,3.128698920264951e-05,2,4910.9165580272675,27.33814764022827,22728778752.0,358,559.170166015625,67043.109375
204,1.6175412454006766,0.7745977911949158,78.45,98.43,3.088779422594516e-05,2,4938.299846172333,27.349937915802002,22855643136.0,360,559.1913452148438,67041.6875
205,1.5948038516368206,0.7741897298812866,78.65,98.29,3.04912434243238e-05,2,4965.701338291168,27.367581844329834,22982507520.0,362,559.2208862304688,67042.6015625
206,1.6051577688331946,0.7648910367965698,78.67,98.54,3.0097380284049524e-05,2,4993.153200387955,27.417037963867188,23109371904.0,364,559.2451782226562,67042.75
207,1.6163774782961065,0.7737929052352905,78.42,98.26,2.9706247996654133e-05,2,5020.613121032715,27.425957202911377,23236236288.0,366,559.25146484375,67039.640625
208,1.6211663815795079,0.7712436335563659,78.62,98.51,2.9317889454200577e-05,2,5047.967567205429,27.32084345817566,23363100672.0,368,559.272216796875,67038.1953125
209,1.599586539552398,0.7699443225860596,78.28,98.4,2.893234724457945e-05,2,5075.284339189529,27.283538103103638,23489965056.0,370,559.2923583984375,67037.2890625
210,1.6190146065857285,0.7689361101150513,78.63,98.32,2.8549663646838717e-05,2,5102.641998052597,27.323599576950073,23616829440.0,372,559.2994384765625,67035.3125
211,1.6183048603476697,0.7791408444404602,78.3,98.19,2.8169880626547284e-05,2,5129.95902132988,27.282314777374268,23743693824.0,374,559.3073120117188,67032.6953125
212,1.6072445568293523,0.7695699359893798,78.49,98.4,2.7793039831193136e-05,2,5157.348101615906,27.355565309524536,23870558208.0,376,559.328125,67030.984375
213,1.6255360208308651,0.7673583504676819,78.57,98.45,2.741918258561607e-05,2,5184.670507907867,27.2831289768219,23997422592.0,378,559.344970703125,67029.8125
214,1.6134539633493266,0.7680112156867981,78.52,98.39,2.7048349887476037e-05,2,5212.037268161774,27.332364320755005,24124286976.0,380,559.35595703125,67027.7109375
215,1.6088746473212248,0.7565056925773621,78.64,98.5,2.6680582402757323e-05,2,5239.409056186676,27.336875677108765,24251151360.0,382,559.3960571289062,67030.09375
216,1.604447571019357,0.772212246799469,78.82,98.31,2.631592046130896e-05,2,5266.790087461472,27.345991134643555,24378015744.0,384,559.4105834960938,67028.7265625
217,1.624240889439357,0.7697884969711304,78.76,98.49,2.5954404052422233e-05,2,5294.202895641327,27.378806352615356,24504880128.0,386,559.4374389648438,67029.3046875
218,1.6067335199607624,0.7785290187835693,78.37,98.38,2.5596072820445268e-05,2,5321.649287939072,27.411556482315063,24631744512.0,388,559.462890625,67029.8671875
219,1.5867909320490614,0.7585476007461548,78.64,98.46,2.524096606043566e-05,2,5349.140964746475,27.444297313690186,24758608896.0,390,559.4971313476562,67031.609375
220,1.5910983146687019,0.7584076747894287,78.92,98.4,2.488912271385138e-05,2,5376.637154579163,27.461283206939697,24885473280.0,392,559.5257568359375,67032.0
221,1.616243792709712,0.7641722365379333,78.91,98.45,2.4540581364280276e-05,2,5404.100739002228,27.42903447151184,25012337664.0,394,559.5341186523438,67030.046875
222,1.6205322658511954,0.765216952419281,78.73,98.45,2.4195380233209008e-05,2,5431.48526930809,27.34982705116272,25139202048.0,396,559.5556640625,67030.4609375
223,1.5877434406024087,0.7617007883071899,78.89,98.33,2.38535571758317e-05,2,5458.848757743835,27.329350233078003,25266066432.0,398,559.5823974609375,67030.6015625
224,1.608707034786288,0.7632792736053466,78.62,98.52,2.3515149676898552e-05,2,5486.180311203003,27.29716730117798,25392930816.0,400,559.5916137695312,67029.6796875
225,1.5995685597845901,0.7633465806007386,78.64,98.52,2.3180194846605367e-05,2,5513.503520488739,27.290200233459473,25519795200.0,402,559.6046142578125,67028.078125
226,1.607629521250267,0.7633073668479919,78.77,98.37,2.284872941652386e-05,2,5540.807175159454,27.26915717124939,25646659584.0,404,559.6102294921875,67025.3203125
227,1.5976647254599499,0.7600618381500244,78.7,98.39,2.2520789735573704e-05,2,5568.214356422424,27.373023986816406,25773523968.0,406,559.62158203125,67024.0078125
228,1.6098802862796222,0.7653901486396789,78.9,98.5,2.2196411766036492e-05,2,5595.555216550827,27.306894302368164,25900388352.0,408,559.6258544921875,67021.53125
229,1.6163500423773303,0.762070173740387,78.62,98.38,2.1875631079611972e-05,2,5622.907049894333,27.317542552947998,26027252736.0,410,559.6461181640625,67021.0390625
230,1.602682343518383,0.7592345191955566,78.68,98.44,2.1558482853517253e-05,2,5650.23978638649,27.29905867576599,26154117120.0,412,559.6541137695312,67018.9375
231,1.6051980427987445,0.7622702642440796,79.2,98.45,2.124500186662932e-05,2,5677.585093736649,27.310245037078857,26280981504.0,414,559.6559448242188,67015.9375
232,1.58633970252683,0.7513691353797912,79.3,98.54,2.093522249567097e-05,2,5704.949807405472,27.329581260681152,26407845888.0,416,559.6766967773438,67015.359375
233,1.6070076717152029,0.7549869607925415,79.41,98.46,2.06291787114411e-05,2,5732.265401363373,27.281248807907104,26534710272.0,418,559.6905517578125,67014.9375
234,1.6092567616327167,0.7613769349098205,79.0,98.53,2.0326904075089492e-05,2,5759.602188825607,27.302170753479004,26661574656.0,420,559.699462890625,67014.1015625
235,1.6113655156576374,0.7614424792289733,79.17,98.52,2.0028431734436313e-05,2,5786.969085454941,27.331833362579346,26788439040.0,422,559.717529296875,67013.671875
236,1.598078385434291,0.7548178274154663,79.11,98.53,1.9733794420337214e-05,2,5814.277326345444,27.274619579315186,26915303424.0,424,559.7410278320312,67014.8515625
237,1.5919392608039358,0.7566870768547058,79.2,98.45,1.9443024443093942e-05,2,5841.630018949509,27.318631887435913,27042167808.0,426,559.758544921875,67015.0390625
238,1.610847900832661,0.7644642936706543,78.67,98.45,1.915615368891117e-05,2,5868.988168478012,27.32399296760559,27169032192.0,428,559.765869140625,67013.6015625
239,1.5984325074661099,0.7618972609519958,78.88,98.42,1.8873213616399855e-05,2,5896.439556837082,27.416536569595337,27295896576.0,430,559.7780151367188,67012.2578125
240,1.6147873619912376,0.7558668217658997,78.93,98.5,1.859423525312737e-05,2,5923.86007809639,27.385225534439087,27422760960.0,432,559.7869262695312,67010.859375
241,1.6033762206493969,0.7575860262870788,79.21,98.59,1.831924919221506e-05,2,5951.167421579361,27.272076845169067,27549625344.0,434,559.7933349609375,67009.578125
242,1.6123913737936912,0.7610103591918945,79.14,98.43,1.804828558898332e-05,2,5978.540354013443,27.338257551193237,27676489728.0,436,559.8009033203125,67008.109375
243,1.615942387818985,0.7602320373535156,79.04,98.44,1.7781374157644715e-05,2,6005.887695074081,27.313012838363647,27803354112.0,438,559.8043212890625,67005.890625
244,1.6088590776874527,0.7592866897583008,78.89,98.55,1.7518544168045528e-05,2,6033.22856593132,27.285584926605225,27930218496.0,440,559.8108520507812,67004.3046875
245,1.6070556034657164,0.7574575325965881,79.4,98.36,1.7259824442455923e-05,2,6060.675904273987,27.413056135177612,28057082880.0,442,559.8178100585938,67002.421875
246,1.5996270541497595,0.7520342399597167,79.07,98.56,1.7005243352409324e-05,2,6088.103636264801,27.39296865463257,28183947264.0,444,559.8305053710938,67001.2890625
247,1.598019508943057,0.7512220532417297,79.16,98.46,1.6754828815591133e-05,2,6115.4763469696045,27.339460849761963,28310811648.0,446,559.8322143554688,66998.78125
248,1.6053767384396014,0.7563682641029358,79.18,98.52,1.6508608292777204e-05,2,6142.862600564957,27.35160493850708,28437676032.0,448,559.8355712890625,66996.90625
249,1.590084353726591,0.7564580956459045,78.98,98.49,1.6266608784822544e-05,2,6170.171548843384,27.27389645576477,28564540416.0,450,559.8435668945312,66995.0390625
250,1.593712352760012,0.7524097916603089,79.18,98.45,1.602885682970027e-05,2,6197.5139837265015,27.28902792930603,28691404800.0,452,559.84521484375,66992.7890625
251,1.623933529044846,0.758195074748993,78.93,98.42,1.5795378499591472e-05,2,6224.796015501022,27.247685432434082,28818269184.0,454,559.8385620117188,66989.2109375
252,1.5829612248685692,0.7454434345245361,79.01,98.51,1.556619939802614e-05,2,6252.114396572113,27.28444266319275,28945133568.0,456,559.8488159179688,66988.0234375
253,1.6062062090398712,0.7571600298881531,78.94,98.45,1.5341344657075355e-05,2,6279.512342453003,27.36356234550476,29071997952.0,458,559.8418579101562,66984.5703125
254,1.619184733963501,0.7614113210678101,79.18,98.41,1.5120838934595337e-05,2,6306.942006111145,27.395317316055298,29198862336.0,460,559.8342895507812,66981.515625
255,1.6091910385444437,0.7516667392730713,79.13,98.56,1.490470641152345e-05,2,6334.343796491623,27.367575645446777,29325726720.0,462,559.8333740234375,66979.03125
256,1.6034965316708965,0.7534596473693848,79.04,98.42,1.469297078922643e-05,2,6361.732444047928,27.35463237762451,29452591104.0,464,559.8551025390625,66980.28125
257,1.605185601989072,0.7556701324462891,79.12,98.48,1.4485655286901294e-05,2,6388.951483488083,27.161283016204834,29579455488.0,466,559.8787231445312,66981.546875
258,1.6098585215787118,0.750470052242279,79.23,98.5,1.428278263902913e-05,2,6416.281555175781,27.29532217979431,29706319872.0,468,559.8966064453125,66982.0
259,1.591004351189744,0.7507903255462647,79.49,98.36,1.4084375092881918e-05,2,6443.581221580505,27.265364170074463,29833184256.0,470,559.9124755859375,66982.609375
260,1.5809946060180664,0.7484033603668213,79.01,98.5,1.3890454406082966e-05,2,6470.895474433899,27.26300072669983,29960048640.0,472,559.93408203125,66983.8046875
261,1.590257438593729,0.7560957690238953,79.13,98.39,1.3701041844220859e-05,2,6498.1438591480255,27.21425485610962,30086913024.0,474,559.9493408203125,66983.8046875
262,1.5801853411634204,0.7511275937080383,79.3,98.43,1.3516158178517472e-05,2,6525.768335103989,27.309211015701294,30213777408.0,476,559.9608764648438,66983.7265625
263,1.5809029325480346,0.7486092551231385,79.27,98.39,1.3335823683550238e-05,2,6553.159078359604,27.356223583221436,30340641792.0,478,559.9786376953125,66984.578125
264,1.592462872115659,0.7485968726158142,79.29,98.42,1.3160058135028691e-05,2,6580.608481645584,27.414695262908936,30467506176.0,480,559.9874267578125,66983.8125
265,1.5965068840186818,0.7493608550071716,79.37,98.47,1.2988880807625922e-05,2,6608.022032499313,27.379438161849976,30594370560.0,482,559.9974975585938,66983.4921875
266,1.6150608741977608,0.7485256886482239,79.43,98.56,1.2822310472864886e-05,2,6635.3380007743835,27.28055191040039,30721234944.0,484,560.0028686523438,66982.65625
267,1.5751203398545786,0.7467723890304565,79.33,98.56,1.2660365397059856e-05,2,6662.750490903854,27.379098415374756,30848099328.0,486,560.0153198242188,66982.6484375
268,1.618354651442563,0.7542412167549133,79.24,98.54,1.2503063339313356e-05,2,6690.227269649506,27.409327507019043,30974963712.0,488,560.01708984375,66981.640625
269,1.6115498759529807,0.7566038802146912,79.06,98.43,1.2350421549568651e-05,2,6717.718234062195,27.45685863494873,31101828096.0,490,560.0217895507812,66980.6171875
270,1.598505779661992,0.7514860040664673,79.31,98.55,1.2202456766718093e-05,2,6745.153211116791,27.399927377700806,31228692480.0,492,560.0343017578125,66980.4453125
271,1.5789491115245258,0.7475607516288757,79.29,98.53,1.2059185216767544e-05,2,6772.572903633118,27.385066270828247,31355556864.0,494,560.0509643554688,66980.96875
272,1.5880005269593984,0.7497866518020629,79.19,98.5,1.1920622611056975e-05,2,6800.001362085342,27.394028902053833,31482421248.0,496,560.0584716796875,66979.9921875
273,1.611343362267283,0.7482726914405823,79.37,98.6,1.1786784144537563e-05,2,6827.366398572922,27.329695224761963,31609285632.0,498,560.0616455078125,66978.8125
274,1.587344503204282,0.749680010509491,79.25,98.52,1.1657684494105385e-05,2,6854.730790138245,27.328968048095703,31736150016.0,500,560.0715942382812,66978.4296875
275,1.59733555823679,0.7455159850120544,79.41,98.55,1.1533337816991927e-05,2,6882.15824508667,27.375483751296997,31863014400.0,502,560.08251953125,66978.1015625
276,1.5921486971778234,0.7465016010284424,79.38,98.5,1.1413757749211602e-05,2,6909.608533382416,27.41519260406494,31989878784.0,504,560.0897827148438,66977.2890625
277,1.5951278087576892,0.7456544638633728,79.31,98.43,1.1298957404066382e-05,2,6937.038021326065,27.39524793624878,32116743168.0,506,560.0924682617188,66975.96875
278,1.5846267557785239,0.7443571905136108,79.3,98.58,1.1188949370707787e-05,2,6964.490332126617,27.419090747833252,32243607552.0,508,560.0966186523438,66974.8515625
279,1.605732521693319,0.7520503259658814,79.46,98.44,1.1083745712756372e-05,2,6991.946660280228,27.4225492477417,32370471936.0,510,560.0917358398438,66972.5078125
280,1.585004616638457,0.7457497596740723,79.3,98.64,1.098335796697875e-05,2,7019.376680850983,27.39535355567932,32497336320.0,512,560.1011962890625,66972.2578125
281,1.5977137725270818,0.7511652186393738,79.22,98.34,1.0887797142022522e-05,2,7046.788232803345,27.377521276474,32624200704.0,514,560.1024169921875,66970.9609375
282,1.582347595737472,0.7465186121940612,79.54,98.53,1.0797073717209014e-05,2,7074.1889107227325,27.365943670272827,32751065088.0,516,560.111328125,66970.59375
283,1.6051159900220806,0.7513868677139283,79.61,98.58,1.0711197641384117e-05,2,7101.588540315628,27.364521026611328,32877929472.0,518,560.107421875,66967.9296875
284,1.5983364705697523,0.7500693302154541,79.48,98.49,1.0630178331827276e-05,2,7128.957653045654,27.334986448287964,33004793856.0,520,560.1090087890625,66966.7734375
285,1.5847414706031124,0.7445710889816284,79.32,98.62,1.0554024673218807e-05,2,7156.345588684082,27.35460925102234,33131658240.0,522,560.1172485351562,66966.3125
286,1.5983201479789695,0.7461141799926758,79.44,98.41,1.0482745016665526e-05,2,7183.78440451622,27.405009031295776,33258522624.0,524,560.1187744140625,66964.7578125
287,1.5986516864901164,0.7477703521728516,79.49,98.49,1.0416347178785039e-05,2,7211.231048107147,27.411771297454834,33385387008.0,526,560.1167602539062,66962.921875
288,1.5933863245876132,0.7469708937644959,79.43,98.49,1.0354838440848501e-05,2,7238.640049934387,27.37506103515625,33512251392.0,528,560.1185913085938,66961.7734375
289,1.6115553088285859,0.7476309126853943,79.36,98.49,1.029822554798216e-05,2,7266.062876701355,27.38889765739441,33639115776.0,530,560.1182250976562,66960.3359375
290,1.6069909751644207,0.7473723405838013,79.61,98.5,1.0246514708427702e-05,2,7293.467251777649,27.36964750289917,33765980160.0,532,560.1184692382812,66958.8671875
291,1.6023009030980735,0.7446998655319214,79.46,98.5,1.01997115928614e-05,2,7320.871079683304,27.368062734603882,33892844544.0,534,560.1215209960938,66957.8359375
292,1.5854577645754844,0.7442621887207032,79.53,98.55,1.0157821333772305e-05,2,7348.266821861267,27.362046241760254,34019708928.0,536,560.1289672851562,66957.0390625
293,1.5984147370395831,0.7511356824874877,79.3,98.47,1.0120848524899386e-05,2,7375.744485139847,27.44399118423462,34146573312.0,538,560.1268920898438,66955.140625
294,1.595263983772903,0.7466076321601868,79.61,98.56,1.0088797220727781e-05,2,7403.165024757385,27.386191606521606,34273437696.0,540,560.1309204101562,66954.140625
295,1.5953469798445854,0.7425691949844361,79.57,98.6,1.0061670936044179e-05,2,7430.565263748169,27.3544819355011,34400302080.0,542,560.1297607421875,66952.5234375
296,1.5980230127192947,0.7475542266845703,79.56,98.49,1.0039472645551374e-05,2,7458.026189804077,27.426208972930908,34527166464.0,544,560.126708984375,66950.40625
297,1.5877545177554961,0.7443184174537659,79.62,98.54,1.002220478354208e-05,2,7485.486044883728,27.42504358291626,34654030848.0,546,560.130615234375,66949.28125
298,1.5871305836605507,0.7452190001487732,79.27,98.54,1.0009869243631953e-05,2,7512.969307899475,27.448959350585938,34780895232.0,548,560.135498046875,66948.40625
299,1.6077396249954283,0.7455711277961731,79.51,98.52,1.0002467378551954e-05,2,7540.416188001633,27.4133517742157,34907759616.0,550,560.1331787109375,66946.4609375
