epoch,train_loss,train_acc1,eval_loss,eval_top1,eval_top5,test_loss,test_top1,test_top5,lr,Active layers,Total Training Time (s),Epoch Time (s),FLOPs,Layers,Spectral norm,Frobenius norm
0,2.211837251663208,0,2.0498278617858885,24.56,79.66,2.049068507385254,24.49,79.72,1e-05,1,32.89731192588806,32.89730906486511,83486208.0,1,282.4786682128906,34903.37109375
1,2.1553801321029664,0,1.9569672285079955,28.31,82.55,1.9542039951324464,28.79,82.37,1.9e-05,1,54.635361433029175,21.689844369888306,146918400.0,2,282.757568359375,34926.02734375
2,2.113664868736267,0,1.8707005905151368,33.39,85.53,1.8665561666488648,33.93,85.62,2.8000000000000003e-05,1,76.21922206878662,21.556392431259155,210350592.0,3,283.07012939453125,34953.9296875
3,2.083914126777649,0,1.8183114217758178,36.76,86.88,1.8121884790420533,37.01,87.38,3.7e-05,1,97.79971551895142,21.553364992141724,273782784.0,4,283.2984313964844,34977.4296875
4,2.0679050981521607,0,1.7730497106552123,37.7,86.89,1.7653393047332764,37.51,87.48,4.6e-05,1,119.37181758880615,21.54585337638855,337214976.0,5,283.493896484375,34998.34765625
5,2.0519822011947633,0,1.747486947631836,38.8,88.37,1.7421188837051391,39.6,89.26,5.5e-05,1,140.9790394306183,21.580366373062134,400647168.0,6,283.69390869140625,35019.328125
6,2.044089292907715,0,1.7199405502319336,40.73,88.99,1.7135124994277955,41.73,89.74,6.4e-05,1,162.56403970718384,21.55975604057312,464079360.0,7,283.9251403808594,35043.9609375
7,2.0359329488754274,0,1.703003871536255,41.85,89.34,1.6970519954681396,42.12,89.97,7.3e-05,1,184.18549060821533,21.582721948623657,527511552.0,8,284.1632080078125,35070.48828125
8,2.0334211055755613,0,1.6840858526229858,42.06,89.94,1.67808189163208,42.72,90.44,8.2e-05,1,205.83188557624817,21.619412183761597,590943744.0,9,284.36090087890625,35092.62890625
9,2.0163582159042357,0,1.6587546337127685,42.66,89.85,1.6540355743408204,42.68,90.32,9.1e-05,1,227.49948072433472,21.641934633255005,654375936.0,10,284.5965576171875,35120.875
10,2.0078073514938355,0,1.6242039989471435,43.69,90.64,1.6195225742340087,44.2,91.15,9.97534852915723e-05,1,249.20467519760132,21.679166078567505,717808128.0,11,284.8194274902344,35147.0
11,1.9968913578033447,0,1.6044678091049194,44.77,90.73,1.600215571784973,45.17,91.78,9.970177445201784e-05,1,270.86190581321716,21.631654262542725,781240320.0,12,285.0223388671875,35171.78515625
12,1.9860007558822632,0,1.583079747390747,45.64,91.25,1.5790449600219727,45.54,91.97,9.964516155915151e-05,1,292.51815271377563,21.63027787208557,844672512.0,13,285.2055969238281,35192.484375
13,1.9844189558029175,0,1.5921096551895142,47.5,91.55,1.5872816270828247,47.23,92.14,9.958365282121497e-05,1,314.18480801582336,21.642175912857056,908104704.0,14,285.3660888671875,35211.84765625
14,1.973268651008606,0,1.5535686521530152,47.43,91.41,1.5484569696426391,47.55,92.06,9.951725498333448e-05,1,335.8533384799957,21.642296075820923,971536896.0,15,285.552978515625,35233.28515625
15,1.9675122816085815,0,1.562223265838623,46.48,90.86,1.5586860345840454,46.12,91.34,9.94459753267812e-05,1,357.5024039745331,21.623265981674194,1034969088.0,16,285.7137145996094,35253.07421875
16,1.9641394540786743,0,1.5343145486831664,48.24,92.07,1.5302542753219603,48.5,92.67,9.936982166817273e-05,1,379.16338562965393,21.635767698287964,1098401280.0,17,285.84808349609375,35269.7265625
17,1.9607352224349976,0,1.5268304874420167,47.85,91.92,1.524914880180359,48.3,92.38,9.928880235861588e-05,1,400.77702045440674,21.58780574798584,1161833472.0,18,286.00439453125,35288.23046875
18,1.9446522314071655,0,1.5048155334472657,48.56,92.22,1.499325288963318,48.43,92.73,9.9202926282791e-05,1,422.4300711154938,21.628233194351196,1225265664.0,19,286.175048828125,35309.34375
19,1.9451663949966431,0,1.4904400411605836,50.49,92.5,1.4844564960479736,50.77,92.83,9.911220285797748e-05,1,444.0981993675232,21.642922401428223,1288697856.0,20,286.3015441894531,35325.08203125
20,1.936130421257019,0,1.4894191646575927,50.46,92.13,1.484454588317871,50.92,92.78,9.901664203302126e-05,1,465.7445945739746,21.62132430076599,1352130048.0,21,286.4248352050781,35340.10546875
21,1.9319685262680053,0,1.4908134078979491,49.33,92.73,1.486229263305664,49.68,92.88,9.891625428724365e-05,1,487.4111547470093,21.638092279434204,1415562240.0,22,286.5771484375,35358.734375
22,1.9313679824829102,0,1.4741444160461425,50.99,92.61,1.4713295541763305,50.77,92.98,9.881105062929222e-05,1,509.0377173423767,21.60030174255371,1478994432.0,23,286.6904296875,35373.20703125
23,1.9327537034988402,0,1.4603278467178344,52.24,92.85,1.4544344667434692,52.44,93.27,9.870104259593363e-05,1,530.7002305984497,21.636505365371704,1542426624.0,24,286.81231689453125,35388.25390625
24,1.908290828895569,0,1.4422717849731446,52.02,93.23,1.4389298685073852,52.43,93.41,9.858624225078841e-05,1,552.3686430454254,21.643696308135986,1605858816.0,25,286.9609069824219,35407.08984375
25,1.9251442277908326,0,1.4530650737762452,51.93,93.08,1.448628214454651,52.33,93.45,9.846666218300807e-05,1,573.9842071533203,21.592092990875244,1669291008.0,26,287.0545959472656,35418.44921875
26,1.9095612758636475,0,1.4431861225128173,51.57,92.74,1.4366613973617555,52.71,93.38,9.834231550589462e-05,1,595.6566421985626,21.602080821990967,1732723200.0,27,287.2069091796875,35437.4375
27,1.9118753263473511,0,1.4402054428100586,52.52,93.08,1.4334652795791627,52.88,93.25,9.821321585546244e-05,1,617.3595552444458,21.67629337310791,1796155392.0,28,287.3301696777344,35453.96875
28,1.906422159576416,0,1.4263751356124879,52.18,93.55,1.418062197303772,53.28,93.98,9.807937738894302e-05,1,639.0431263446808,21.631494760513306,1859587584.0,29,287.46258544921875,35469.734375
29,1.9036437152862549,0,1.4073452039718628,53.44,93.36,1.4024715312957763,54.25,93.81,9.794081478323246e-05,1,660.7280471324921,21.633873462677002,1923019776.0,30,287.6088562011719,35488.73828125
30,1.906943711090088,0,1.401428338432312,54.39,93.79,1.3958441034317017,55.07,93.87,9.779754323328192e-05,1,682.4041850566864,21.65026068687439,1986451968.0,31,287.7216491699219,35503.3671875
31,1.9037038974761964,0,1.404528956604004,53.23,93.57,1.4023586227416993,53.36,93.92,9.764957845043137e-05,1,704.0723991394043,21.643327951431274,2049884160.0,32,287.8445739746094,35518.9296875
32,1.8997722854614258,0,1.4115546976089477,53.22,93.65,1.4063469114303588,53.81,93.81,9.749693666068666e-05,1,725.7505443096161,21.6251802444458,2113316352.0,33,287.94708251953125,35531.80078125
33,1.8889706676483153,0,1.3913848350524902,54.14,93.84,1.3862112024307252,54.59,94.04,9.733963460294015e-05,1,747.366548538208,21.5443172454834,2176748544.0,34,288.0968322753906,35550.01171875
34,1.8866886461257935,0,1.4113219799041747,53.08,93.62,1.4086367341995238,53.45,93.98,9.717768952713513e-05,1,768.9203190803528,21.53016972541809,2240180736.0,35,288.1960144042969,35561.82421875
35,1.8997963163375855,0,1.3878370752334594,55.03,93.67,1.381827515411377,55.18,94.14,9.701111919237408e-05,1,790.4731669425964,21.52823281288147,2303612928.0,36,288.3025207519531,35575.2578125
36,1.8892233810424806,0,1.3846875259399414,54.39,93.69,1.3823293163299561,54.97,93.82,9.683994186497131e-05,1,812.0119004249573,21.512542963027954,2367045120.0,37,288.42279052734375,35589.76171875
37,1.8839932132720947,0,1.368334453201294,54.72,93.9,1.361844402694702,55.73,94.48,9.666417631644977e-05,1,833.5562274456024,21.520455837249756,2430477312.0,38,288.5672607421875,35605.51953125
38,1.8886175880432128,0,1.3746785293579102,54.66,94.02,1.3668380769729613,55.01,94.54,9.648384182148252e-05,1,855.122864484787,21.542182683944702,2493909504.0,39,288.6553649902344,35616.5703125
39,1.8847312290191651,0,1.3622239322662353,55.2,94.43,1.3551243263244628,55.94,94.69,9.629895815577916e-05,1,876.7207102775574,21.573320627212524,2557341696.0,40,288.7721862792969,35629.5
40,1.8791727821350097,0,1.3616688816070557,54.68,94.05,1.358217964363098,55.7,94.27,9.610954559391703e-05,1,898.3609166145325,21.615641593933105,2620773888.0,41,288.8872375488281,35643.8984375
41,1.87110908203125,0,1.3456415096282959,55.74,94.34,1.3410757831573485,56.99,94.58,9.59156249071181e-05,1,920.021048784256,21.63639521598816,2684206080.0,42,289.0294494628906,35660.51171875
42,1.876465184211731,0,1.3666924013137818,54.98,94.24,1.3601061178207396,55.6,94.23,9.571721736097089e-05,1,941.659099817276,21.612799882888794,2747638272.0,43,289.12652587890625,35672.1796875
43,1.8740268087387084,0,1.3530805015563965,55.29,93.72,1.345733861541748,55.96,94.04,9.551434471309872e-05,1,963.2114913463593,21.528675079345703,2811070464.0,44,289.2348937988281,35685.890625
44,1.864387488937378,0,1.345563705444336,56.55,94.31,1.342554638671875,56.72,94.79,9.530702921077358e-05,1,984.7674021720886,21.53075647354126,2874502656.0,45,289.3534851074219,35700.765625
45,1.8622763744354247,0,1.342283962059021,55.61,94.22,1.3392492910385132,56.19,94.43,9.509529358847655e-05,1,1006.3515155315399,21.560261964797974,2937934848.0,46,289.45843505859375,35712.8359375
46,1.8700236080169679,0,1.3389584701538086,55.83,94.67,1.333962654876709,56.51,94.79,9.487916106540466e-05,1,1027.972738981247,21.594902515411377,3001367040.0,47,289.5583190917969,35724.21484375
47,1.8837582345962525,0,1.3333408124923707,56.91,94.44,1.3297244630813598,57.32,94.57,9.465865534292465e-05,1,1049.6728813648224,21.675934314727783,3064799232.0,48,289.64892578125,35734.96875
48,1.8713772947311402,0,1.321429319190979,57.23,94.49,1.3148448135375976,57.81,94.61,9.443380060197386e-05,1,1071.3367128372192,21.637959957122803,3128231424.0,49,289.7739562988281,35750.0
49,1.8653873886108399,0,1.342227540588379,56.58,94.11,1.3373052486419679,56.93,94.34,9.420462150040853e-05,1,1092.9990847110748,21.63820719718933,3191663616.0,50,289.8561706542969,35759.68359375
50,1.8571789264678955,0,1.3195322311401367,56.33,94.44,1.3152635131835937,57.17,94.75,9.397114317029974e-05,1,1114.7169618606567,21.694022178649902,3255095808.0,51,289.9843444824219,35773.921875
51,1.870312896347046,0,1.3176568473815917,56.53,94.61,1.3087381156921387,57.47,94.6,9.373339121517747e-05,1,1136.3651847839355,21.622516870498657,3318528000.0,52,290.07257080078125,35785.39453125
52,1.8533127534866334,0,1.323822963142395,56.26,94.73,1.3239570552825928,56.47,94.72,9.34913917072228e-05,1,1158.0379955768585,21.64787244796753,3381960192.0,53,290.20269775390625,35798.9140625
53,1.8544508813858032,0,1.2974630832672118,57.9,94.98,1.2921282785415649,58.8,95.24,9.324517118440888e-05,1,1179.7077898979187,21.645442724227905,3445392384.0,54,290.3163146972656,35811.53125
54,1.8798802291870118,0,1.3067452671051025,58.3,94.74,1.300645519065857,59.59,95.26,9.299475664759068e-05,1,1201.2731986045837,21.537400484085083,3508824576.0,55,290.3751525878906,35819.1875
55,1.845276162147522,0,1.2998036010742187,58.53,94.59,1.2960941717147827,58.63,94.97,9.274017555754408e-05,1,1222.7816624641418,21.4828622341156,3572256768.0,56,290.5264892578125,35834.5078125
56,1.8448754768371582,0,1.2889087266921997,57.89,94.87,1.2865588500976564,57.88,95.12,9.248145583195448e-05,1,1244.3481736183167,21.54068636894226,3635688960.0,57,290.6514892578125,35849.05859375
57,1.8514953044891358,0,1.292176117706299,57.85,94.42,1.287156245613098,58.57,94.85,9.221862584235528e-05,1,1265.874856710434,21.50155782699585,3699121152.0,58,290.7268371582031,35856.80078125
58,1.852811644935608,0,1.294189792060852,57.95,94.86,1.2858446660995484,59.39,95.17,9.195171441101669e-05,1,1287.4059419631958,21.505751848220825,3762553344.0,59,290.8434753417969,35869.91796875
59,1.8443710689544677,0,1.2841663452148437,58.51,94.83,1.2810627174377442,59.24,95.27,9.168075080778494e-05,1,1309.017030954361,21.58647394180298,3825985536.0,60,290.9598083496094,35884.67578125
60,1.8546395280838013,0,1.2966344682693483,57.41,94.71,1.2910331130981445,57.98,94.71,9.140576474687264e-05,1,1330.663149356842,21.621047258377075,3889417728.0,61,291.0597839355469,35896.31640625
61,1.8488790660858154,0,1.2760205741882324,58.8,95.11,1.2684637613296508,59.75,95.39,9.112678638360016e-05,1,1352.2530522346497,21.56471538543701,3952849920.0,62,291.15777587890625,35906.61328125
62,1.8399273105621339,0,1.2966735507965088,57.49,94.98,1.2925376127243042,58.46,95.09,9.084384631108883e-05,1,1373.7739088535309,21.495124101638794,4016282112.0,63,291.26348876953125,35918.98046875
63,1.8302701141357423,0,1.2762346635818482,59.04,95.12,1.2714431301116944,59.93,95.34,9.055697555690607e-05,1,1395.3347494602203,21.535220861434937,4079714304.0,64,291.3772888183594,35931.15234375
64,1.8454799030303954,0,1.276342119026184,58.17,94.95,1.2696693811416626,59.28,95.36,9.02662055796628e-05,1,1416.8833281993866,21.522724866867065,4143146496.0,65,291.4810791015625,35944.390625
65,1.8358603763580321,0,1.2627804626464845,59.07,94.9,1.2594126081466674,59.48,95.35,8.99715682655637e-05,1,1438.4275069236755,21.520036697387695,4206578688.0,66,291.59783935546875,35957.27734375
66,1.8343444709777832,0,1.27329606590271,58.87,94.9,1.2686508413314819,59.26,95.37,8.967309592491052e-05,1,1459.9494202136993,21.49690580368042,4270010880.0,67,291.7074279785156,35967.7421875
67,1.8395535293579102,0,1.2649125444412233,59.24,95.26,1.2628485855102538,59.54,95.5,8.937082128855891e-05,1,1481.5193846225739,21.54569911956787,4333443072.0,68,291.8040466308594,35977.63671875
68,1.8334959623336793,0,1.2648150131225586,58.8,94.99,1.2552869731903076,59.64,95.48,8.906477750432904e-05,1,1503.107486486435,21.56143045425415,4396875264.0,69,291.9335021972656,35991.91015625
69,1.8384573514938354,0,1.256251947402954,59.41,95.17,1.249977855491638,59.93,95.69,8.875499813337069e-05,1,1524.718139410019,21.586962699890137,4460307456.0,70,292.03485107421875,36001.65625
70,1.831370468521118,0,1.2720762529373169,58.98,95.23,1.2658493326187135,59.91,95.57,8.844151714648276e-05,1,1546.3425068855286,21.599191904067993,4523739648.0,71,292.1288146972656,36011.10546875
71,1.842985901260376,0,1.269692746925354,58.5,95.03,1.2627357805252075,59.49,95.46,8.812436892038805e-05,1,1567.9248616695404,21.556851148605347,4587171840.0,72,292.206298828125,36019.43359375
72,1.8432987812042236,0,1.2507567325592042,59.88,95.34,1.2446128900527955,60.48,95.63,8.780358823396352e-05,1,1589.4718487262726,21.52140522003174,4650604032.0,73,292.3191223144531,36030.75
73,1.8453491123199464,0,1.266500395965576,58.76,95.01,1.2617708572387696,59.66,95.41,8.74792102644263e-05,1,1611.0356163978577,21.538130283355713,4714036224.0,74,292.3837585449219,36037.48046875
74,1.8259624389648437,0,1.262220975112915,59.15,94.94,1.2601065599441528,59.61,95.14,8.715127058347615e-05,1,1632.6859011650085,21.625580072402954,4777468416.0,75,292.50128173828125,36050.6953125
75,1.8251900148391724,0,1.247048473930359,60.02,95.17,1.2417167348861695,60.74,95.6,8.681980515339464e-05,1,1654.2402503490448,21.527369737625122,4840900608.0,76,292.62152099609375,36063.25390625
76,1.8242843656539918,0,1.2428352949142456,59.91,95.26,1.2370789590835571,60.57,95.68,8.648485032310146e-05,1,1675.787353515625,21.521711826324463,4904332800.0,77,292.7257385253906,36073.9140625
77,1.8407199825286866,0,1.2442060764312743,60.29,95.47,1.241523316192627,60.89,95.79,8.614644282416831e-05,1,1697.3180792331696,21.506885290145874,4967764992.0,78,292.8056945800781,36081.234375
78,1.8295632711410523,0,1.2430908542633057,59.57,95.34,1.2392084138870239,60.58,95.64,8.5804619766791e-05,1,1718.8667953014374,21.522169828414917,5031197184.0,79,292.92523193359375,36093.91015625
79,1.810712971687317,0,1.2399590257644653,59.22,95.01,1.2331934581756592,59.95,95.45,8.545941863571974e-05,1,1740.4452457427979,21.555389404296875,5094629376.0,80,293.0611877441406,36109.0078125
80,1.8145553943634034,0,1.2492989810943604,59.74,94.85,1.245528923034668,60.08,94.89,8.511087728614862e-05,1,1761.948701620102,21.478485822677612,5158061568.0,81,293.17266845703125,36121.56640625
81,1.8169865659713744,0,1.241762009048462,59.84,95.02,1.2359225021362306,60.54,95.53,8.475903393956434e-05,1,1783.506413936615,21.53128933906555,5221493760.0,82,293.2676696777344,36130.55859375
82,1.8248896249771118,0,1.2442390050888061,59.83,95.22,1.2414694440841674,60.38,95.66,8.440392717955476e-05,1,1805.0947704315186,21.56399440765381,5284925952.0,83,293.3460998535156,36138.2734375
83,1.8249133838653564,0,1.230144729232788,60.8,95.64,1.22764776096344,61.42,95.88,8.404559594757778e-05,1,1826.611730337143,21.49215269088745,5348358144.0,84,293.4411315917969,36147.89453125
84,1.8319843908309936,0,1.246879822921753,59.99,95.47,1.2414958917617798,60.41,95.52,8.368407953869104e-05,1,1848.2460935115814,21.60806655883789,5411790336.0,85,293.534912109375,36157.91015625
85,1.8174689466476441,0,1.2334795011520385,59.72,95.25,1.2304811861038207,61.12,95.32,8.33194175972427e-05,1,1869.9486665725708,21.67650270462036,5475222528.0,86,293.6402282714844,36169.0625
86,1.8224853694915772,0,1.223198634147644,60.88,95.64,1.2194490280151367,61.46,96.0,8.295165011252398e-05,1,1891.597181558609,21.62346839904785,5538654720.0,87,293.7459716796875,36179.62890625
87,1.8168159610748291,0,1.2320330741882324,59.96,95.31,1.2288957229614257,60.54,95.49,8.258081741438395e-05,1,1913.2150256633759,21.593809843063354,5602086912.0,88,293.85272216796875,36190.3984375
88,1.8209023733139038,0,1.222679506111145,60.36,95.45,1.2181162593841552,61.11,95.97,8.220696016880688e-05,1,1934.8746592998505,21.6341073513031,5665519104.0,89,293.9398498535156,36197.90234375
89,1.8269704381942748,0,1.2382959907531739,60.01,95.1,1.2333946125030517,60.5,95.56,8.183011937345271e-05,1,1956.4437069892883,21.544176816940308,5728951296.0,90,294.0052795410156,36203.30078125
90,1.8181666261672973,0,1.2377513065338135,60.11,95.1,1.2354196533203126,60.55,95.33,8.14503363531613e-05,1,1978.048408985138,21.580352306365967,5792383488.0,91,294.1165771484375,36215.5078125
91,1.816561939048767,0,1.2283176614761353,60.5,95.31,1.22535389251709,60.99,95.81,8.106765275542055e-05,1,1999.7224440574646,21.64879608154297,5855815680.0,92,294.22027587890625,36225.71484375
92,1.8326233463287354,0,1.2383441095352172,60.39,95.45,1.2353585693359375,61.09,95.53,8.068211054579944e-05,1,2021.3859357833862,21.63385844230652,5919247872.0,93,294.2867431640625,36231.96484375
93,1.817743902015686,0,1.2246974130630492,60.45,95.19,1.2209381984710694,60.95,95.71,8.029375200334589e-05,1,2043.3633770942688,21.952047109603882,5982680064.0,94,294.41461181640625,36245.1015625
94,1.8041859226226806,0,1.2197823318481444,61.25,95.46,1.2129639993667602,61.63,95.73,7.99026197159505e-05,1,2065.003904104233,21.615962743759155,6046112256.0,95,294.5249938964844,36256.55078125
95,1.822707619857788,0,1.2079291675567627,61.53,95.83,1.2060217945098877,61.92,96.07,7.950875657567621e-05,1,2086.6337189674377,21.60499930381775,6109544448.0,96,294.60943603515625,36265.1953125
96,1.820993621635437,0,1.2178429737091065,61.17,95.44,1.2144153846740722,61.38,95.8,7.911220577405484e-05,1,2108.3002305030823,21.640366315841675,6172976640.0,97,294.6998291015625,36273.984375
97,1.814307388305664,0,1.216285396194458,60.89,95.27,1.2145856901168823,61.04,95.46,7.87130107973505e-05,1,2129.945003271103,21.619653701782227,6236408832.0,98,294.8038635253906,36284.1015625
98,1.8098505712509154,0,1.2038901605606078,61.95,95.6,1.2033665393829345,62.27,95.99,7.831121542179087e-05,1,2151.5894491672516,21.619033336639404,6299841024.0,99,294.884521484375,36291.65625
99,1.8059572759628295,0,1.20955736618042,60.94,95.34,1.2063055210113525,61.36,95.62,7.790686370876671e-05,1,2173.2186558246613,21.603224754333496,6363273216.0,100,294.98699951171875,36301.43359375
100,1.799929631614685,0,1.2044686092376709,61.38,95.8,1.2020209192276001,61.89,96.01,7.75e-05,1,2194.8838500976562,21.637654542922974,6426705408.0,101,295.0978698730469,36310.77734375
101,1.8134329864501952,0,1.2139489692687988,61.39,95.4,1.2134570543289185,62.03,95.65,7.709066891268134e-05,1,2216.514318227768,21.604426860809326,6490137600.0,102,295.1610412597656,36316.8828125
102,1.8106602214813232,0,1.20567841796875,61.62,95.98,1.2051995155334472,62.39,96.13,7.667891533457719e-05,1,2238.1938197612762,21.65488600730896,6553569792.0,103,295.24493408203125,36324.6640625
103,1.8201722085952758,0,1.2139969917297364,60.98,95.69,1.2079074382781982,62.09,95.93,7.626478441910744e-05,1,2259.847086906433,21.628178358078003,6617001984.0,104,295.3036193847656,36329.87890625
104,1.8194421182632445,0,1.204647354888916,61.58,95.7,1.2015287279129028,62.11,95.9,7.584832158039378e-05,1,2281.4620172977448,21.586337566375732,6680434176.0,105,295.41094970703125,36340.75390625
105,1.8090669738769531,0,1.2101841276168823,61.54,95.55,1.210616163444519,62.06,95.85,7.542957248827961e-05,1,2303.0827775001526,21.58820343017578,6743866368.0,106,295.5011901855469,36348.58984375
106,1.818198934173584,0,1.1985084919929505,61.74,95.85,1.1975390211105346,62.09,95.98,7.500858306332174e-05,1,2324.7157571315765,21.609544277191162,6807298560.0,107,295.57391357421875,36354.76953125
107,1.8092961448669433,0,1.1996794246673583,61.1,95.49,1.19594462890625,61.7,95.83,7.458539947175475e-05,1,2346.497127532959,21.75441074371338,6870730752.0,108,295.63922119140625,36360.125
108,1.81185936126709,0,1.204316135597229,61.93,95.78,1.2069603244781495,62.5,96.06,7.416006812042828e-05,1,2368.1258873939514,21.599931240081787,6934162944.0,109,295.7307434082031,36368.7109375
109,1.8012468383789062,0,1.191611023902893,61.64,95.8,1.193906361579895,61.88,96.01,7.373263565171806e-05,1,2389.7882645130157,21.635717153549194,6997595136.0,110,295.83154296875,36378.30859375
110,1.8102165794372558,0,1.1904641674995422,62.11,95.77,1.1900780637741089,62.53,95.91,7.330314893841101e-05,1,2411.4295752048492,21.61616039276123,7061027328.0,111,295.9207763671875,36385.3515625
111,1.7997525205612184,0,1.1927960086822509,62.08,95.56,1.1902898822784425,62.56,95.91,7.287165507856512e-05,1,2433.076658010483,21.621074199676514,7124459520.0,112,296.01214599609375,36394.62109375
112,1.8114673181533814,0,1.1831808568954467,62.88,96.09,1.1823922868728638,62.97,96.47,7.243820139034464e-05,1,2454.7042729854584,21.60044765472412,7187891712.0,113,296.10382080078125,36403.265625
113,1.8052091005325317,0,1.193939669418335,62.07,95.84,1.193186842918396,62.49,96.2,7.200283540683103e-05,1,2476.351277589798,21.61961603164673,7251323904.0,114,296.1990966796875,36412.95703125
114,1.7949694152832032,0,1.1892278061866761,62.25,95.82,1.1876555461883544,62.68,96.3,7.156560487081051e-05,1,2498.035829305649,21.654006242752075,7314756096.0,115,296.3013000488281,36421.64453125
115,1.7932860683441163,0,1.1826811010360718,61.72,95.84,1.1832145151138305,62.8,96.12,7.11265577295385e-05,1,2519.8756279945374,21.812364101409912,7378188288.0,116,296.37957763671875,36428.34765625
116,1.8118818252563476,0,1.1858291633605957,61.65,95.41,1.1859584280014037,62.27,95.86,7.068574212948169e-05,1,2541.8311014175415,21.931419610977173,7441620480.0,117,296.4387512207031,36433.375
117,1.79907036819458,0,1.1751947666168212,62.05,95.9,1.175797827720642,62.5,95.99,7.024320641103812e-05,1,2563.6919877529144,21.83596658706665,7505052672.0,118,296.5199279785156,36440.875
118,1.7995628353118895,0,1.178771326828003,62.05,95.81,1.180884758758545,62.18,96.1,6.979899910323626e-05,1,2585.602714538574,21.886427640914917,7568484864.0,119,296.5960693359375,36448.1171875
119,1.794960073661804,0,1.1837014707565308,62.15,96.0,1.1806373964309693,63.24,96.11,6.935316891841316e-05,1,2607.5532681941986,21.92712664604187,7631917056.0,120,296.67791748046875,36454.8671875
120,1.7969619485855102,0,1.1872849767684936,62.41,96.08,1.1897431968688965,62.75,96.16,6.890576474687264e-05,1,2629.2151832580566,21.635928630828857,7695349248.0,121,296.7571716308594,36462.17578125
121,1.7869110973358153,0,1.1845925827026367,61.83,95.52,1.1848902490615845,62.09,95.57,6.845683565152391e-05,1,2650.792372226715,21.551549911499023,7758781440.0,122,296.8504638671875,36470.44921875
122,1.7973325691223145,0,1.1805001783370972,62.36,95.7,1.1797568515777588,63.02,96.32,6.800643086250122e-05,1,2672.3341152668,21.490715742111206,7822213632.0,123,296.9188537597656,36476.94921875
123,1.7866956184387206,0,1.176299920272827,62.55,96.0,1.1754119373321532,63.38,96.18,6.755459977176533e-05,1,2693.9291803836823,21.54051184654236,7885645824.0,124,297.0198669433594,36485.53125
124,1.8054711906433105,0,1.1788463941574097,62.9,95.62,1.1783845430374145,63.39,95.97,6.710139192768697e-05,1,2715.5097076892853,21.530587911605835,7949078016.0,125,297.0761413574219,36489.78125
125,1.8009237468719483,0,1.1772370412826538,62.27,95.99,1.1758924543380738,62.82,96.19,6.664685702961345e-05,1,2737.0507938861847,21.512966632843018,8012510208.0,126,297.1603698730469,36497.03515625
126,1.7954282245635986,0,1.174638285446167,62.96,95.97,1.1726078153610229,63.28,96.17,6.619104492241846e-05,1,2758.5786051750183,21.499836444854736,8075942400.0,127,297.2300720214844,36502.84375
127,1.8046374599456787,0,1.1755011587142945,62.77,96.15,1.173354946899414,63.07,96.19,6.573400559103614e-05,1,2780.0999863147736,21.495656967163086,8139374592.0,128,297.3072204589844,36509.75
128,1.7966507097244262,0,1.1730277004241942,62.71,95.92,1.1730211212158204,63.52,96.02,6.527578915497952e-05,1,2801.6846611499786,21.50170111656189,8202806784.0,129,297.3793640136719,36515.7578125
129,1.790218342781067,0,1.1728494940757752,62.41,95.94,1.1711540285110473,63.05,96.37,6.481644586284443e-05,1,2823.2199687957764,21.509090423583984,8266238976.0,130,297.45440673828125,36523.109375
130,1.7816645101547242,0,1.1652861976623534,62.56,96.13,1.1648257230758667,63.22,96.09,6.435602608679918e-05,1,2844.8619751930237,21.6181423664093,8329671168.0,131,297.5391845703125,36530.33984375
131,1.79170550365448,0,1.1769313688278198,62.72,96.03,1.1759383544921875,62.94,95.99,6.389458031706068e-05,1,2866.5777864456177,21.657966136932373,8393103360.0,132,297.5979309082031,36534.29296875
132,1.7923237878799438,0,1.1660279287338258,63.3,96.22,1.1645625644683837,63.92,96.36,6.343215915635762e-05,1,2888.1903162002563,21.587576627731323,8456535552.0,133,297.6684875488281,36540.2265625
133,1.802637854194641,0,1.1786639030456543,62.4,95.92,1.1783338806152344,62.84,96.01,6.296881331438125e-05,1,2909.759588956833,21.544373750686646,8519967744.0,134,297.7303466796875,36545.4921875
134,1.7860779926300048,0,1.1730332359313964,63.02,96.02,1.173454059791565,63.06,95.94,6.250459360222461e-05,1,2931.395523071289,21.607259035110474,8583399936.0,135,297.805908203125,36552.4765625
135,1.7934689741134644,0,1.1655104091644286,63.48,96.05,1.166572563934326,63.47,96.25,6.20395509268104e-05,1,2953.0235006809235,21.602540969848633,8646832128.0,136,297.8851318359375,36558.5546875
136,1.7814988145828248,0,1.1603483691215515,63.04,95.86,1.1584193326950074,63.37,96.2,6.157373628530854e-05,1,2974.5929234027863,21.544382572174072,8710264320.0,137,297.9688415527344,36565.66796875
137,1.806595413017273,0,1.168167995929718,63.37,96.08,1.168614730834961,63.63,96.17,6.110720075954371e-05,1,2996.1173894405365,21.500751495361328,8773696512.0,138,298.0152587890625,36569.625
138,1.790739407348633,0,1.1710885725021363,63.17,96.04,1.1699317758560182,63.71,96.26,6.06399955103937e-05,1,3017.6605558395386,21.51878809928894,8837128704.0,139,298.0989074707031,36576.12109375
139,1.7985502182006836,0,1.169065362739563,63.12,96.01,1.1685979305267333,63.04,96.32,6.0172171772179006e-05,1,3039.2243008613586,21.536806106567383,8900560896.0,140,298.1553955078125,36580.43359375
140,1.7707967205047608,0,1.1522542799949647,63.12,96.16,1.1502526485443114,63.81,96.3,5.970378084704442e-05,1,3060.777239561081,21.527833223342896,8963993088.0,141,298.25469970703125,36589.96484375
141,1.782723306274414,0,1.1622770301818848,63.4,95.88,1.1602780193328857,63.81,96.04,5.923487409933316e-05,1,3082.3523185253143,21.5447359085083,9027425280.0,142,298.31146240234375,36594.23828125
142,1.8215858167648316,0,1.1649980242729188,63.32,96.2,1.1635321649551391,63.84,96.18,5.8765502949954203e-05,1,3103.978005886078,21.60031485557556,9090857472.0,143,298.3536682128906,36597.83984375
143,1.7926780670166016,0,1.1656128830909729,63.48,95.91,1.1667501361846924,63.71,96.04,5.8295718870743426e-05,1,3125.652923107147,21.649494171142578,9154289664.0,144,298.4170837402344,36602.66796875
144,1.7829539840698243,0,1.1585632524490357,63.3,96.23,1.1570477333068847,63.8,96.4,5.782557337881911e-05,1,3147.3320145606995,21.65403461456299,9217721856.0,145,298.491455078125,36609.19921875
145,1.8069526008605956,0,1.1672081676483155,63.42,96.17,1.1656154125213622,64.37,96.02,5.735511803093248e-05,1,3168.8732652664185,21.517055988311768,9281154048.0,146,298.5313720703125,36611.5234375
146,1.7891234092712403,0,1.1583017948150636,63.17,96.21,1.1590944772720337,63.63,96.26,5.6884404417813995e-05,1,3190.432677745819,21.535391807556152,9344586240.0,147,298.6084289550781,36618.0625
147,1.7937954084396361,0,1.1581552645683288,62.91,95.9,1.1562823877334594,63.26,95.8,5.6413484158515766e-05,1,3211.956038236618,21.49954915046692,9408018432.0,148,298.67205810546875,36623.265625
148,1.785159587097168,0,1.147118311405182,63.47,96.22,1.1458216760635376,64.16,96.36,5.594240889475107e-05,1,3233.46742272377,21.48508071899414,9471450624.0,149,298.738037109375,36628.88671875
149,1.7805510068893433,0,1.1529145250320434,63.65,96.21,1.1519254726409913,63.92,96.3,5.547123028523106e-05,1,3255.0378482341766,21.54280710220337,9534882816.0,150,298.7975769042969,36633.40234375
150,1.7761944246292114,0,1.1470884528160095,62.99,96.22,1.1439255596160889,63.76,96.19,5.5e-05,1,3276.568770647049,21.50629496574402,9598315008.0,151,298.8865966796875,36641.55078125
151,1.77508775806427,0,1.1501793212890625,63.41,95.91,1.151489058113098,63.57,96.28,5.452876971476894e-05,1,3298.104773044586,21.4899742603302,9661747200.0,152,298.9547119140625,36647.421875
152,1.7815866872787476,0,1.143008890247345,63.58,96.33,1.1412865694046022,64.22,96.39,5.405759110524895e-05,1,3319.661209821701,21.530468940734863,9725179392.0,153,299.0086364746094,36651.34765625
153,1.7840768169403076,0,1.1475951006889342,63.45,96.13,1.1450555936813354,63.9,96.37,5.358651584148423e-05,1,3341.1835854053497,21.498549222946167,9788611584.0,154,299.0617370605469,36654.87890625
154,1.7846969507217407,0,1.1529424751281738,63.83,96.29,1.1490341581344605,64.16,96.26,5.3115595582186016e-05,1,3362.7021136283875,21.494050979614258,9852043776.0,155,299.10174560546875,36657.1015625
155,1.7678075498580932,0,1.1467699474334716,63.78,96.25,1.1444389186859132,64.12,96.29,5.264488196906753e-05,1,3384.2146866321564,21.486886024475098,9915475968.0,156,299.17230224609375,36662.97265625
156,1.7793656297683715,0,1.1418225994110107,63.53,96.25,1.1417540985107422,63.87,96.11,5.217442662118091e-05,1,3405.7459099292755,21.505356073379517,9978908160.0,157,299.23291015625,36666.90625
157,1.790650390815735,0,1.1433267205238342,63.81,96.13,1.1413346614837647,64.15,96.28,5.1704281129256584e-05,1,3427.309777021408,21.538373708724976,10042340352.0,158,299.27850341796875,36669.2734375
158,1.7877644195556641,0,1.144524063873291,64.0,96.24,1.1427563186645509,64.4,96.08,5.12344970500458e-05,1,3448.961052417755,21.627233505249023,10105772544.0,159,299.3212585449219,36671.7265625
159,1.789577599143982,0,1.1512246543884277,63.9,96.25,1.1482819763183594,64.21,96.36,5.076512590066686e-05,1,3470.5995268821716,21.61409831047058,10169204736.0,160,299.3609313964844,36673.7265625
160,1.7913395206451417,0,1.1479156674385071,63.23,96.15,1.144154305458069,64.05,96.34,5.0296219152955604e-05,1,3492.244961500168,21.621795654296875,10232636928.0,161,299.4194641113281,36677.9296875
161,1.7881777267456054,0,1.1488199674606323,63.75,96.46,1.1481018980026245,64.37,96.45,4.982782822782101e-05,1,3513.8377075195312,21.5381338596344,10296069120.0,162,299.45928955078125,36680.6484375
162,1.771576770401001,0,1.1361980394363402,63.72,96.26,1.135513846206665,64.45,96.17,4.9360004489606314e-05,1,3535.355668783188,21.49460196495056,10359501312.0,163,299.5515441894531,36689.703125
163,1.7787556531906128,0,1.1397237732887269,64.01,96.48,1.1377115854263307,65.11,96.46,4.889279924045631e-05,1,3556.951576948166,21.571753978729248,10422933504.0,164,299.59246826171875,36692.7265625
164,1.8041448287963868,0,1.1503503604888916,63.77,96.35,1.1508267038345337,64.18,96.23,4.8426263714691496e-05,1,3578.617438554764,21.624653339385986,10486365696.0,165,299.6205139160156,36693.63671875
165,1.7727241041183472,0,1.1411918372154235,63.39,96.16,1.140828322982788,64.09,96.27,4.7960449073189627e-05,1,3600.2441971302032,21.602150917053223,10549797888.0,166,299.6973876953125,36700.60546875
166,1.770001762008667,0,1.1442587303161622,64.02,96.25,1.142627918624878,64.33,96.38,4.7495406397775396e-05,1,3621.8335316181183,21.540059804916382,10613230080.0,167,299.75689697265625,36704.7578125
167,1.7847021701812744,0,1.1383209259986877,64.04,96.4,1.1384055589675903,64.57,96.67,4.703118668561876e-05,1,3643.4465050697327,21.58767795562744,10676662272.0,168,299.79180908203125,36706.66015625
168,1.7967307201385498,0,1.1441194502830505,64.0,96.42,1.145429817199707,64.79,96.18,4.65678408436424e-05,1,3665.0567667484283,21.584845066070557,10740094464.0,169,299.83251953125,36708.4609375
169,1.773953670501709,0,1.139652090072632,63.78,96.27,1.136728408241272,64.26,96.42,4.610541968293932e-05,1,3686.6601316928864,21.57787799835205,10803526656.0,170,299.88543701171875,36711.921875
170,1.8017832353591918,0,1.1437060141563415,63.67,96.27,1.1451675964355468,64.17,96.27,4.564397391320083e-05,1,3708.2602989673615,21.574433088302612,10866958848.0,171,299.9117126464844,36713.140625
171,1.7632587837219238,0,1.1386369630813598,64.17,96.32,1.1350216119766234,64.82,96.39,4.5183554137155586e-05,1,3729.8942482471466,21.608833074569702,10930391040.0,172,299.9908752441406,36719.65234375
172,1.7911053953170777,0,1.1416535723686219,64.06,96.18,1.142519870185852,64.36,96.31,4.47242108450205e-05,1,3751.494860649109,21.574363470077515,10993823232.0,173,300.0292663574219,36722.01953125
173,1.774573222732544,0,1.1353683072090148,64.5,96.17,1.1359617971420288,64.35,96.27,4.426599440896387e-05,1,3773.103702545166,21.583402395248413,11057255424.0,174,300.08880615234375,36726.6015625
174,1.7594692663192748,0,1.1325041100502014,63.92,96.38,1.1311514251708985,64.69,96.28,4.380895507758154e-05,1,3794.746211051941,21.617243766784668,11120687616.0,175,300.1640625,36733.74609375
175,1.7750940938949584,0,1.1397514108657838,64.37,96.39,1.1392360528945922,64.53,96.38,4.335314297038657e-05,1,3816.391355037689,21.620408535003662,11184119808.0,176,300.1993713378906,36735.90234375
176,1.7841134658813476,0,1.1364213911056518,64.63,96.27,1.135715270423889,64.84,96.38,4.289860807231306e-05,1,3837.9966650009155,21.578639030456543,11247552000.0,177,300.2386779785156,36738.61328125
177,1.7845042352676392,0,1.1371830181121827,64.55,96.31,1.1339803936004638,64.87,96.57,4.244540022823468e-05,1,3859.568536758423,21.548173904418945,11310984192.0,178,300.28253173828125,36741.67578125
178,1.7820297590255738,0,1.1354969641685486,63.91,96.17,1.1319068132400514,64.59,96.24,4.199356913749877e-05,1,3881.055581331253,21.462961435317993,11374416384.0,179,300.33587646484375,36745.859375
179,1.777645157623291,0,1.135362041091919,64.03,96.39,1.1353092555999755,64.39,96.14,4.1543164348476104e-05,1,3902.57785654068,21.472707271575928,11437848576.0,180,300.36749267578125,36746.96875
180,1.780944324684143,0,1.131353219795227,64.1,96.37,1.1295318758010864,64.58,96.44,4.109423525312737e-05,1,3924.050845384598,21.448177337646484,11501280768.0,181,300.4093017578125,36749.23828125
181,1.7794510854721068,0,1.1409852202415467,64.21,96.41,1.1422548934936523,64.37,96.52,4.0646831081586854e-05,1,3945.5917065143585,21.49754285812378,11564712960.0,182,300.4406433105469,36750.80078125
182,1.7858918090820313,0,1.139063499069214,64.34,96.32,1.1370967231750488,64.7,96.34,4.020100089676376e-05,1,3967.0837485790253,21.44044041633606,11628145152.0,183,300.46923828125,36751.09765625
183,1.7777956523895264,0,1.1332023051261901,64.29,96.19,1.1311633411407471,64.69,96.17,3.975679358896189e-05,1,3988.5571835041046,21.44703245162964,11691577344.0,184,300.5126647949219,36753.5703125
184,1.7873425611495972,0,1.1270720693588256,64.7,96.45,1.125384684753418,64.86,96.59,3.9314257870518325e-05,1,4010.049958705902,21.467432975769043,11755009536.0,185,300.5498046875,36756.11328125
185,1.7659104709625244,0,1.1307408673286439,64.15,96.08,1.1297502191543578,64.44,96.32,3.88734422704615e-05,1,4031.5724716186523,21.486647129058838,11818441728.0,186,300.5989074707031,36759.55078125
186,1.7748985137939453,0,1.130820654964447,64.72,96.37,1.1293255666732789,64.84,96.47,3.8434395129189505e-05,1,4053.114864587784,21.515839338302612,11881873920.0,187,300.63897705078125,36762.10546875
187,1.7738920444488526,0,1.128097121810913,64.51,96.28,1.12593734664917,64.66,96.58,3.799716459316898e-05,1,4074.709985256195,21.569971084594727,11945306112.0,188,300.69287109375,36766.0
188,1.7681401878356933,0,1.1234572611808777,64.61,96.64,1.1241288858413696,65.13,96.6,3.756179860965537e-05,1,4096.257595539093,21.495577096939087,12008738304.0,189,300.7286376953125,36767.83984375
189,1.7795497173309327,0,1.1360027111053468,64.21,96.28,1.1332799293518065,64.95,96.28,3.7128344921434866e-05,1,4117.850070953369,21.56778311729431,12072170496.0,190,300.75146484375,36768.59765625
190,1.7805986503601074,0,1.1331584386825562,64.42,96.16,1.1324949319839477,64.52,96.33,3.669685106158899e-05,1,4139.279748678207,21.405229330062866,12135602688.0,191,300.7960205078125,36771.37109375
191,1.7827380794525147,0,1.1258695096969604,64.93,96.33,1.1277985738754273,64.32,96.54,3.6267364348281956e-05,1,4160.7510278224945,21.446120262145996,12199034880.0,192,300.8253173828125,36773.23828125
192,1.7779664627075196,0,1.1270568714141846,64.98,96.6,1.1275873140335082,64.53,96.46,3.583993187957173e-05,1,4182.240274190903,21.441102504730225,12262467072.0,193,300.8599853515625,36775.23828125
193,1.7756608821868896,0,1.1303198947906494,64.62,96.42,1.1318586971282958,64.91,96.33,3.541460052824527e-05,1,4203.742784023285,21.478010892868042,12325899264.0,194,300.89752197265625,36777.7578125
194,1.7956731491088866,0,1.129255624103546,64.68,96.46,1.130771286392212,65.09,96.55,3.4991416936678275e-05,1,4225.196177005768,21.428987503051758,12389331456.0,195,300.91973876953125,36777.65234375
195,1.7612378002166749,0,1.1245893995285035,64.78,96.28,1.126441927909851,64.89,96.48,3.45704275117204e-05,1,4246.651073455811,21.427353382110596,12452763648.0,196,300.9723815917969,36782.27734375
196,1.7628699739456177,0,1.1179529126167298,64.82,96.39,1.121237170791626,64.96,96.47,3.415167841960624e-05,1,4268.187041282654,21.51021385192871,12516195840.0,197,301.0083923339844,36784.16015625
197,1.7803602966308594,0,1.1222554591178895,64.29,96.34,1.1234492614746094,64.59,96.25,3.3735215580892576e-05,1,4289.753534317017,21.541741609573364,12579628032.0,198,301.0341491699219,36784.52734375
198,1.7866502334594727,0,1.127743784046173,64.34,96.3,1.13044566822052,64.67,96.35,3.3321084665422807e-05,1,4311.304075956345,21.524964094161987,12643060224.0,199,301.0567626953125,36784.8125
199,1.7686710237503052,0,1.1211922764778137,64.67,96.56,1.1224652465820313,65.36,96.61,3.2909331087318666e-05,1,4332.90426158905,21.574132204055786,12706492416.0,200,301.0940246582031,36786.640625
200,1.7797447248458862,0,1.1308284297943114,64.12,96.22,1.1325412687301635,64.73,96.28,3.249999999999999e-05,1,4354.455302238464,21.526192665100098,12769924608.0,201,301.1299133300781,36789.09375
201,1.7767636407852172,0,1.1252441932678223,64.49,96.22,1.12802686958313,64.94,96.26,3.209313629123329e-05,1,4376.043350696564,21.542246103286743,12833356800.0,202,301.17120361328125,36792.20703125
202,1.7697824825286865,0,1.1264604113578796,64.67,96.42,1.1275369007110596,65.28,96.18,3.168878457820915e-05,1,4397.642840147018,21.575887203216553,12896788992.0,203,301.2060546875,36794.16015625
203,1.7623096555709838,0,1.119645707511902,64.5,96.66,1.1213456630706786,64.99,96.61,3.128698920264951e-05,1,4419.211325883865,21.544247150421143,12960221184.0,204,301.2447509765625,36797.27734375
204,1.765790613937378,0,1.12166618680954,64.94,96.18,1.123365860748291,64.77,96.31,3.088779422594516e-05,1,4440.831863641739,21.561382055282593,13023653376.0,205,301.2831115722656,36799.9453125
205,1.7649433345794678,0,1.1180338114738464,64.01,96.32,1.1188440883636475,64.66,96.5,3.04912434243238e-05,1,4462.426956892014,21.570907592773438,13087085568.0,206,301.32135009765625,36802.5234375
206,1.770274179458618,0,1.119883304977417,64.72,96.36,1.1207377603530884,65.02,96.58,3.0097380284049524e-05,1,4484.057414770126,21.580127954483032,13150517760.0,207,301.3420104980469,36803.21484375
207,1.7769543285369873,0,1.1236381182670594,64.65,96.46,1.12523243598938,64.98,96.44,2.9706247996654133e-05,1,4505.62997174263,21.54824471473694,13213949952.0,208,301.3666076660156,36804.44140625
208,1.7736873161315918,0,1.122794153690338,64.47,96.29,1.1254185445785523,64.9,96.41,2.9317889454200577e-05,1,4527.16641998291,21.51032519340515,13277382144.0,209,301.3930358886719,36805.51171875
209,1.7785883701324463,0,1.122753514957428,64.7,96.38,1.1227835563659667,65.22,96.64,2.893234724457945e-05,1,4548.742456674576,21.54974865913391,13340814336.0,210,301.4125671386719,36805.515625
210,1.7810660949707031,0,1.1140665184020997,64.58,96.37,1.11792964553833,65.17,96.47,2.8549663646838717e-05,1,4570.323192834854,21.556402683258057,13404246528.0,211,301.4410400390625,36807.54296875
211,1.7758389171600342,0,1.1209975958824159,64.72,96.48,1.1196733306884765,65.38,96.46,2.8169880626547284e-05,1,4591.911211013794,21.53752589225769,13467678720.0,212,301.46600341796875,36808.515625
212,1.7756516868591308,0,1.1252862144470215,64.17,96.25,1.1276230728149415,64.52,96.39,2.7793039831193136e-05,1,4613.490634918213,21.529165744781494,13531110912.0,213,301.4861145019531,36808.83203125
213,1.7701383787155152,0,1.1195633958816529,64.74,96.33,1.1219100959777832,64.77,96.43,2.741918258561607e-05,1,4635.030663967133,21.51606297492981,13594543104.0,214,301.5152587890625,36810.31640625
214,1.7708457418441772,0,1.120848314666748,64.58,96.44,1.1211358474731445,64.68,96.42,2.7048349887476037e-05,1,4656.605591773987,21.549219846725464,13657975296.0,215,301.5413818359375,36811.203125
215,1.761542751121521,0,1.1187560814857482,64.49,96.41,1.1198943914413453,64.87,96.31,2.6680582402757323e-05,1,4678.100836753845,21.469863176345825,13721407488.0,216,301.5753479003906,36813.88671875
216,1.7762367319107055,0,1.1203063731193543,65.03,96.5,1.1180751064300538,65.4,96.65,2.631592046130896e-05,1,4699.650861740112,21.523532152175903,13784839680.0,217,301.59637451171875,36814.93359375
217,1.7713792743682861,0,1.117264865398407,64.47,96.54,1.1169361793518067,65.02,96.51,2.5954404052422233e-05,1,4721.179539203644,21.503045558929443,13848271872.0,218,301.6274108886719,36817.18359375
218,1.7621765647888183,0,1.1231287415504456,64.85,96.43,1.1269637588500976,64.98,96.41,2.5596072820445268e-05,1,4742.720763683319,21.51533317565918,13911704064.0,219,301.6564636230469,36819.078125
219,1.7690879684448242,0,1.112047789287567,64.89,96.45,1.1108032094955445,65.51,96.73,2.524096606043566e-05,1,4764.306400537491,21.561244249343872,13975136256.0,220,301.6883239746094,36821.41796875
220,1.7694947860717773,0,1.1141289182662963,64.84,96.5,1.117854047012329,65.13,96.52,2.488912271385138e-05,1,4785.912206411362,21.57853364944458,14038568448.0,221,301.711669921875,36823.1328125
221,1.77623990650177,0,1.1174601512908935,64.93,96.48,1.1161242185592652,65.28,96.57,2.4540581364280276e-05,1,4807.46935915947,21.534284830093384,14102000640.0,222,301.7330627441406,36823.96875
222,1.775291234779358,0,1.116789167881012,64.91,96.53,1.1175345249176025,65.5,96.78,2.4195380233209008e-05,1,4829.038551092148,21.54448914527893,14165432832.0,223,301.7565612792969,36824.8671875
223,1.7847550582885743,0,1.1205458036422729,65.03,96.53,1.1213742193222045,65.2,96.57,2.38535571758317e-05,1,4850.62443113327,21.561909914016724,14228865024.0,224,301.7719421386719,36824.5390625
224,1.77426733379364,0,1.116990638923645,64.95,96.59,1.116658311843872,65.61,96.39,2.3515149676898552e-05,1,4872.202375173569,21.55362582206726,14292297216.0,225,301.7949523925781,36825.4765625
225,1.7738908683776855,0,1.1181714522361756,64.75,96.25,1.1207613981246949,65.05,96.44,2.3180194846605367e-05,1,4893.812054872513,21.585330724716187,14355729408.0,226,301.8197937011719,36827.25390625
226,1.7625036727905274,0,1.112731913661957,65.02,96.48,1.1133684019088745,65.29,96.45,2.284872941652386e-05,1,4915.3556163311005,21.519229412078857,14419161600.0,227,301.8492736816406,36828.84375
227,1.7562897272109985,0,1.112673941898346,64.78,96.42,1.1121538190841675,65.21,96.25,2.2520789735573704e-05,1,4936.9310965538025,21.550885677337646,14482593792.0,228,301.8772888183594,36830.30859375
228,1.765510263633728,0,1.1099131445884705,65.22,96.45,1.1078803255081178,65.57,96.49,2.2196411766036492e-05,1,4958.570151567459,21.614745140075684,14546025984.0,229,301.8947448730469,36830.8671875
229,1.7666466947555541,0,1.110292090511322,65.1,96.35,1.1086890361785888,65.61,96.55,2.1875631079611972e-05,1,4980.129252910614,21.53383159637451,14609458176.0,230,301.9140319824219,36831.5234375
230,1.7629812868118286,0,1.1112924510002136,65.2,96.61,1.1102395456314087,65.56,96.74,2.1558482853517253e-05,1,5001.57696723938,21.422334671020508,14672890368.0,231,301.9326477050781,36832.47265625
231,1.7646632482528686,0,1.114818459701538,64.57,96.37,1.1185761863708497,64.89,96.25,2.124500186662932e-05,1,5023.10632443428,21.503961086273193,14736322560.0,232,301.9475402832031,36832.3828125
232,1.7715836307525634,0,1.1119423696517945,65.05,96.59,1.1128269395828247,65.29,96.49,2.093522249567097e-05,1,5044.751291751862,21.62050223350525,14799754752.0,233,301.9602966308594,36832.26171875
233,1.7549487773895263,0,1.1095345061302184,65.03,96.44,1.111885375022888,65.28,96.46,2.06291787114411e-05,1,5066.291694879532,21.51636791229248,14863186944.0,234,301.9884948730469,36834.14453125
234,1.7717416709899902,0,1.1124437997817993,65.15,96.45,1.112115038871765,65.74,96.47,2.0326904075089492e-05,1,5087.867985486984,21.5484561920166,14926619136.0,235,302.0062255859375,36834.984375
235,1.772206302833557,0,1.1120963005065918,65.14,96.4,1.1129529842376709,65.56,96.57,2.0028431734436313e-05,1,5109.449061393738,21.556177377700806,14990051328.0,236,302.0290222167969,36836.3671875
236,1.765692526245117,0,1.11151306180954,65.16,96.43,1.1115403503417969,65.35,96.45,1.9733794420337214e-05,1,5130.97643494606,21.504353761672974,15053483520.0,237,302.0516662597656,36837.546875
237,1.7675143314361572,0,1.1051577377319335,65.48,96.64,1.109082760810852,65.66,96.69,1.9443024443093942e-05,1,5152.401748657227,21.40071415901184,15116915712.0,238,302.06689453125,36837.93359375
238,1.7736856203079223,0,1.1104525317192078,65.07,96.46,1.1107237211227416,65.53,96.64,1.915615368891117e-05,1,5173.848121881485,21.4197039604187,15180347904.0,239,302.0783996582031,36838.51953125
239,1.7692069704055786,0,1.1121889101028442,64.78,96.5,1.1119291080474853,65.15,96.44,1.8873213616399855e-05,1,5195.303150892258,21.43116021156311,15243780096.0,240,302.1006774902344,36839.68359375
240,1.7584336038589476,0,1.1081102118492125,65.47,96.53,1.1072401723861693,65.69,96.74,1.859423525312737e-05,1,5216.76066493988,21.431482315063477,15307212288.0,241,302.12359619140625,36841.0390625
241,1.7675601638793945,0,1.1129096106529235,64.81,96.49,1.1137388996124267,65.23,96.52,1.831924919221506e-05,1,5238.2356922626495,21.4486882686615,15370644480.0,242,302.1377258300781,36841.4609375
242,1.7675152740478515,0,1.111058385848999,65.29,96.55,1.114161434173584,65.26,96.57,1.804828558898332e-05,1,5259.694062709808,21.43290090560913,15434076672.0,243,302.1542663574219,36842.12109375
243,1.7651429643630983,0,1.1090362174987793,65.21,96.65,1.111519072151184,65.5,96.53,1.7781374157644715e-05,1,5281.159726142883,21.440504550933838,15497508864.0,244,302.1707763671875,36842.890625
244,1.750871487236023,0,1.105458710861206,65.57,96.62,1.1056965368270875,65.61,96.64,1.7518544168045528e-05,1,5302.635378599167,21.450135946273804,15560941056.0,245,302.1938171386719,36844.26953125
245,1.7840927671432496,0,1.114386992931366,65.18,96.5,1.113458257484436,65.48,96.45,1.7259824442455923e-05,1,5324.115309476852,21.455286026000977,15624373248.0,246,302.20025634765625,36843.76953125
246,1.7672508800506592,0,1.1120943215370178,65.16,96.49,1.1139676959991456,65.34,96.41,1.7005243352409324e-05,1,5345.6060791015625,21.465978622436523,15687805440.0,247,302.2171325683594,36844.390625
247,1.7745080894470215,0,1.1092598294258118,65.17,96.38,1.109177067565918,65.73,96.49,1.6754828815591133e-05,1,5367.020010948181,21.389353275299072,15751237632.0,248,302.2254638671875,36843.88671875
248,1.7734718212127685,0,1.114316658115387,65.43,96.55,1.1164530052185058,65.65,96.44,1.6508608292777204e-05,1,5388.4799818992615,21.43303418159485,15814669824.0,249,302.23284912109375,36843.41796875
249,1.7627557390213013,0,1.1062955547332765,65.2,96.56,1.1062884031295777,65.69,96.61,1.6266608784822544e-05,1,5409.986386060715,21.479416608810425,15878102016.0,250,302.2550354003906,36844.703125
250,1.752675220298767,0,1.1054730688095094,65.41,96.54,1.1053901399612427,65.58,96.49,1.602885682970027e-05,1,5431.456394910812,21.444700002670288,15941534208.0,251,302.2711181640625,36845.33203125
251,1.759999560546875,0,1.106490140247345,65.08,96.41,1.1074366960525512,65.25,96.47,1.5795378499591472e-05,1,5452.927355766296,21.44332480430603,16004966400.0,252,302.2817077636719,36844.97265625
252,1.7625755907058716,0,1.1057438126564025,65.5,96.58,1.1056192476272584,65.5,96.5,1.556619939802614e-05,1,5474.438565969467,21.482447147369385,16068398592.0,253,302.2906188964844,36844.8828125
253,1.757291637802124,0,1.1029092510223388,65.17,96.49,1.102639686203003,65.64,96.51,1.5341344657075355e-05,1,5495.929555654526,21.463429927825928,16131830784.0,254,302.3059387207031,36845.375
254,1.7543653116226197,0,1.1053857769966124,65.35,96.57,1.1066179544448853,65.74,96.69,1.5120838934595337e-05,1,5517.397902727127,21.443552017211914,16195262976.0,255,302.3132629394531,36845.0390625
255,1.7718845571517945,0,1.111508931159973,65.4,96.44,1.109088408279419,65.38,96.47,1.490470641152345e-05,1,5538.893733024597,21.471068859100342,16258695168.0,256,302.3157043457031,36843.87109375
256,1.7555825983047486,0,1.1032597074508668,65.3,96.56,1.1048190656661987,65.74,96.47,1.469297078922643e-05,1,5560.272818803787,21.344592094421387,16322127360.0,257,302.3398742675781,36845.62109375
257,1.7706125522613525,0,1.102604246044159,65.48,96.76,1.1034902551651,65.7,96.69,1.4485655286901294e-05,1,5581.734233379364,21.434845209121704,16385559552.0,258,302.35284423828125,36846.3515625
258,1.7707951292037964,0,1.1031394729614257,65.72,96.76,1.1040762632369996,65.82,96.57,1.428278263902913e-05,1,5603.139068603516,21.38021183013916,16448991744.0,259,302.36529541015625,36846.94140625
259,1.7769320850372314,0,1.1058331085205078,65.42,96.5,1.104306876373291,65.77,96.67,1.4084375092881918e-05,1,5624.570092916489,21.406180143356323,16512423936.0,260,302.37823486328125,36847.38671875
260,1.7638657751083373,0,1.1071637475967406,64.77,96.63,1.1111293550491332,65.44,96.52,1.3890454406082966e-05,1,5645.951339483261,21.355754375457764,16575856128.0,261,302.39691162109375,36848.734375
261,1.7680631143569947,0,1.1086049750328064,65.35,96.74,1.1085454013824463,65.87,96.65,1.3701041844220859e-05,1,5667.38422369957,21.40849280357361,16639288320.0,262,302.4080810546875,36849.1328125
262,1.7644004962921143,0,1.1027128170967102,65.26,96.52,1.1061745714187623,65.88,96.56,1.3516158178517472e-05,1,5688.803604125977,21.394479751586914,16702720512.0,263,302.42822265625,36850.78515625
263,1.7810615936279297,0,1.1092669868469238,65.49,96.67,1.109739476585388,65.85,96.55,1.3335823683550238e-05,1,5710.2438271045685,21.416121006011963,16766152704.0,264,302.43597412109375,36851.05859375
264,1.778096766090393,0,1.1064349113464356,65.19,96.61,1.1057324975967406,65.74,96.68,1.3160058135028691e-05,1,5731.689499139786,21.42136549949646,16829584896.0,265,302.447509765625,36851.39453125
265,1.770576533126831,0,1.10721972990036,65.33,96.58,1.1085130905151368,65.57,96.58,1.2988880807625922e-05,1,5753.207612991333,21.4161958694458,16893017088.0,266,302.4584045410156,36851.92578125
266,1.774171330833435,0,1.108721133518219,65.63,96.88,1.1093819820404052,65.74,96.63,1.2822310472864886e-05,1,5774.657864809036,21.42099952697754,16956449280.0,267,302.4696044921875,36852.36328125
267,1.7763249826431275,0,1.1068162051200867,65.28,96.46,1.1079249109268188,65.38,96.62,1.2660365397059856e-05,1,5796.079520940781,21.397045135498047,17019881472.0,268,302.483154296875,36853.2109375
268,1.7608474124908446,0,1.1031670890808105,65.37,96.66,1.1056311809539794,65.53,96.53,1.2503063339313356e-05,1,5817.500380516052,21.39438271522522,17083313664.0,269,302.5032958984375,36854.7734375
269,1.7648002946853638,0,1.1057101140022279,65.36,96.57,1.1055512996673584,65.58,96.58,1.2350421549568651e-05,1,5838.95242857933,21.42747688293457,17146745856.0,270,302.5135192871094,36855.19921875
270,1.761103094291687,0,1.101296296977997,65.75,96.66,1.1023581520080565,65.58,96.69,1.2202456766718093e-05,1,5860.457759380341,21.479949951171875,17210178048.0,271,302.52496337890625,36855.70703125
271,1.7634180362701417,0,1.1036279606819153,65.51,96.64,1.105789820289612,65.62,96.59,1.2059185216767544e-05,1,5881.922205924988,21.43964695930481,17273610240.0,272,302.5355529785156,36856.14453125
272,1.7637339323043824,0,1.107651222896576,65.34,96.6,1.1086664381027223,65.36,96.52,1.1920622611056975e-05,1,5903.468358039856,21.52181363105774,17337042432.0,273,302.54913330078125,36856.96875
273,1.7624966499328614,0,1.106529168319702,65.29,96.38,1.1081249382019043,65.93,96.55,1.1786784144537563e-05,1,5925.041563272476,21.548017024993896,17400474624.0,274,302.5611877441406,36857.69921875
274,1.7656801851272583,0,1.1045126656532287,65.37,96.55,1.1053396156311035,65.47,96.43,1.1657684494105385e-05,1,5946.62611913681,21.5603129863739,17463906816.0,275,302.5700378417969,36857.7890625
275,1.7630778970718384,0,1.1031447840690614,65.51,96.54,1.10405763130188,66.08,96.48,1.1533337816991927e-05,1,5968.196025133133,21.543731451034546,17527339008.0,276,302.5802307128906,36858.03515625
276,1.7681920444488526,0,1.1050061327934264,65.76,96.58,1.1072991720199585,65.54,96.53,1.1413757749211602e-05,1,5989.6760132312775,21.455082178115845,17590771200.0,277,302.5898742675781,36858.3515625
277,1.7393245721817017,0,1.1032987414360047,65.46,96.51,1.1047453468322754,65.77,96.45,1.1298957404066382e-05,1,6011.180214166641,21.479557514190674,17654203392.0,278,302.6070251464844,36859.52734375
278,1.7635566228866577,0,1.1027738364219666,65.26,96.62,1.1045653896331786,65.83,96.54,1.1188949370707787e-05,1,6032.756732702255,21.55011248588562,17717635584.0,279,302.6171569824219,36859.80078125
279,1.764368758392334,0,1.1023290806770325,65.4,96.62,1.1035184379577636,65.79,96.66,1.1083745712756372e-05,1,6054.288343191147,21.506580591201782,17781067776.0,280,302.6271057128906,36860.05078125
280,1.759601634979248,0,1.0999992224693298,65.38,96.59,1.1011057929992676,65.75,96.65,1.098335796697875e-05,1,6075.8375680446625,21.52475070953369,17844499968.0,281,302.6375732421875,36860.4765625
281,1.7611411371231078,0,1.1018906441688539,65.63,96.52,1.1045813760757446,65.68,96.62,1.0887797142022522e-05,1,6097.347883224487,21.485302686691284,17907932160.0,282,302.6473083496094,36860.62890625
282,1.7588574949264526,0,1.1022219296455382,65.54,96.67,1.105416737174988,65.69,96.59,1.0797073717209014e-05,1,6118.8044719696045,21.432748794555664,17971364352.0,283,302.656982421875,36860.9296875
283,1.7682657329559326,0,1.100855029773712,65.24,96.66,1.102244624900818,65.59,96.47,1.0711197641384117e-05,1,6140.2323298454285,21.403131008148193,18034796544.0,284,302.6647644042969,36861.12109375
284,1.763773017692566,0,1.102932717514038,65.86,96.76,1.1031630577087401,65.85,96.68,1.0630178331827276e-05,1,6161.675138950348,21.41826820373535,18098228736.0,285,302.67266845703125,36861.1484375
285,1.7590319639205934,0,1.097500915813446,65.68,96.75,1.0996153776168822,65.91,96.66,1.0554024673218807e-05,1,6183.128721475601,21.427085876464844,18161660928.0,286,302.6824951171875,36861.3671875
286,1.7645553018569946,0,1.100407487487793,65.9,96.66,1.1039226934432984,66.01,96.63,1.0482745016665526e-05,1,6204.548209428787,21.395177602767944,18225093120.0,287,302.6894226074219,36861.1953125
287,1.7511256879806518,0,1.1011187747001647,65.11,96.58,1.103702226638794,65.59,96.47,1.0416347178785039e-05,1,6226.070332527161,21.491414308547974,18288525312.0,288,302.7015380859375,36861.890625
288,1.7586175136566162,0,1.0994923616409302,65.6,96.76,1.100592712020874,65.72,96.62,1.0354838440848501e-05,1,6247.594652891159,21.49543046951294,18351957504.0,289,302.7109375,36862.078125
289,1.7683413328170776,0,1.1017680554389953,65.35,96.64,1.1037033948898316,65.49,96.56,1.029822554798216e-05,1,6269.052248954773,21.420796155929565,18415389696.0,290,302.7153625488281,36861.765625
290,1.7605242433547974,0,1.101103661251068,65.3,96.64,1.101490800857544,66.09,96.6,1.0246514708427702e-05,1,6290.563414573669,21.485719203948975,18478821888.0,291,302.7185974121094,36861.17578125
291,1.7514487691879272,0,1.098329395389557,65.68,96.75,1.0991733665466308,66.48,96.64,1.01997115928614e-05,1,6312.1292469501495,21.541133403778076,18542254080.0,292,302.7305603027344,36861.80078125
292,1.7517550701141358,0,1.0978086340904236,65.79,96.81,1.0996164777755737,66.05,96.58,1.0157821333772305e-05,1,6333.6065464019775,21.44238018989563,18605686272.0,293,302.73834228515625,36861.82421875
293,1.7576949487686158,0,1.0974656249046326,65.74,96.6,1.1008956214904786,65.9,96.59,1.0120848524899386e-05,1,6355.086234331131,21.455400466918945,18669118464.0,294,302.74798583984375,36862.0546875
294,1.7678580339431762,0,1.0977058994293214,65.76,96.46,1.1000571420669556,65.86,96.64,1.0088797220727781e-05,1,6376.583204984665,21.471750020980835,18732550656.0,295,302.7532653808594,36861.55859375
295,1.7676165355682374,0,1.0995072622299193,65.82,96.59,1.101963257789612,65.58,96.42,1.0061670936044179e-05,1,6398.148403406143,21.53927445411682,18795982848.0,296,302.759765625,36861.6015625
296,1.7662723035812378,0,1.1032027765274048,65.51,96.48,1.1031718912124633,65.75,96.57,1.0039472645551374e-05,1,6419.631908655167,21.459084033966064,18859415040.0,297,302.7650146484375,36861.47265625
297,1.757321025657654,0,1.1003553067207337,65.54,96.53,1.1018311624526977,65.84,96.42,1.002220478354208e-05,1,6441.174205780029,21.51832675933838,18922847232.0,298,302.77410888671875,36861.7109375
298,1.756244980430603,0,1.0985893926620482,65.4,96.72,1.1012281549453735,65.46,96.52,1.0009869243631953e-05,1,6462.746864795685,21.545844316482544,18986279424.0,299,302.7838439941406,36861.86328125
299,1.7567026000976562,0,1.0954929215431213,65.87,96.83,1.1003283954620362,65.77,96.52,1.0002467378551954e-05,1,6484.304611206055,21.53364896774292,19049711616.0,300,302.79058837890625,36861.77734375
